11:59:43.762 [ApplicationImpl pooled thread 437] INFO  c.b.l.BrowserStackRunExtension - maven
11:59:43.763 [ApplicationImpl pooled thread 437] INFO  com.browserstack.utils.Helpers - null
12:17:17.130 [ApplicationImpl pooled thread 25] INFO  c.b.l.BrowserStackRunExtension - cucumber java
12:17:17.133 [ApplicationImpl pooled thread 25] INFO  com.browserstack.utils.Helpers - null
12:17:17.134 [ApplicationImpl pooled thread 25] INFO  c.b.l.BrowserStackRunExtension - Agent path: null
12:20:04.850 [ApplicationImpl pooled thread 25] INFO  c.b.l.BrowserStackRunExtension - cucumber java
12:20:04.850 [ApplicationImpl pooled thread 25] INFO  com.browserstack.utils.Helpers - null
12:20:04.852 [ApplicationImpl pooled thread 25] INFO  c.b.l.BrowserStackRunExtension - Agent path: null
12:24:26.151 [ApplicationImpl pooled thread 25] INFO  c.b.l.BrowserStackRunExtension - maven
12:24:26.152 [ApplicationImpl pooled thread 25] INFO  com.browserstack.utils.Helpers - null
12:24:40.226 [ApplicationImpl pooled thread 49] INFO  c.b.l.BrowserStackRunExtension - cucumber java
12:24:40.226 [ApplicationImpl pooled thread 49] INFO  com.browserstack.utils.Helpers - null
12:24:40.228 [ApplicationImpl pooled thread 49] INFO  c.b.l.BrowserStackRunExtension - Agent path: null
12:25:17.718 [ApplicationImpl pooled thread 44] INFO  c.b.l.BrowserStackRunExtension - cucumber java
12:25:17.719 [ApplicationImpl pooled thread 44] INFO  com.browserstack.utils.Helpers - null
12:25:17.720 [ApplicationImpl pooled thread 44] INFO  c.b.l.BrowserStackRunExtension - Agent path: null
12:26:00.420 [ApplicationImpl pooled thread 45] INFO  c.b.l.BrowserStackRunExtension - cucumber java
12:26:00.420 [ApplicationImpl pooled thread 45] INFO  com.browserstack.utils.Helpers - null
12:26:00.421 [ApplicationImpl pooled thread 45] INFO  c.b.l.BrowserStackRunExtension - Agent path: null
12:29:50.460 [ApplicationImpl pooled thread 56] INFO  c.b.l.BrowserStackRunExtension - cucumber java
12:29:50.460 [ApplicationImpl pooled thread 56] INFO  com.browserstack.utils.Helpers - null
12:29:50.462 [ApplicationImpl pooled thread 56] INFO  c.b.l.BrowserStackRunExtension - Agent path: null
12:32:01.460 [ApplicationImpl pooled thread 62] INFO  c.b.l.BrowserStackRunExtension - cucumber java
12:32:01.461 [ApplicationImpl pooled thread 62] INFO  com.browserstack.utils.Helpers - null
12:32:01.463 [ApplicationImpl pooled thread 62] INFO  c.b.l.BrowserStackRunExtension - Agent path: null
12:33:41.879 [ApplicationImpl pooled thread 62] INFO  c.b.l.BrowserStackRunExtension - cucumber java
12:33:41.879 [ApplicationImpl pooled thread 62] INFO  com.browserstack.utils.Helpers - null
12:33:41.882 [ApplicationImpl pooled thread 62] INFO  c.b.l.BrowserStackRunExtension - Agent path: null
12:37:13.400 [ApplicationImpl pooled thread 69] INFO  c.b.l.BrowserStackRunExtension - cucumber java
12:37:13.400 [ApplicationImpl pooled thread 69] INFO  com.browserstack.utils.Helpers - null
12:37:13.403 [ApplicationImpl pooled thread 69] INFO  c.b.l.BrowserStackRunExtension - Agent path: null
12:37:27.261 [ApplicationImpl pooled thread 74] INFO  c.b.l.BrowserStackRunExtension - maven
12:37:27.261 [ApplicationImpl pooled thread 74] INFO  com.browserstack.utils.Helpers - null
12:37:36.172 [ApplicationImpl pooled thread 74] INFO  c.b.l.BrowserStackRunExtension - maven
12:37:36.173 [ApplicationImpl pooled thread 74] INFO  com.browserstack.utils.Helpers - null
12:38:40.342 [ApplicationImpl pooled thread 80] INFO  c.b.l.BrowserStackRunExtension - maven
12:38:40.342 [ApplicationImpl pooled thread 80] INFO  com.browserstack.utils.Helpers - null
12:40:27.492 [ApplicationImpl pooled thread 77] INFO  c.b.l.BrowserStackRunExtension - maven
12:40:27.492 [ApplicationImpl pooled thread 77] INFO  com.browserstack.utils.Helpers - null
12:41:08.355 [ApplicationImpl pooled thread 84] INFO  c.b.l.BrowserStackRunExtension - maven
12:41:08.356 [ApplicationImpl pooled thread 84] INFO  com.browserstack.utils.Helpers - null
12:41:24.912 [ApplicationImpl pooled thread 71] INFO  c.b.l.BrowserStackRunExtension - maven
12:41:24.912 [ApplicationImpl pooled thread 71] INFO  com.browserstack.utils.Helpers - null
12:41:52.534 [ApplicationImpl pooled thread 69] INFO  c.b.l.BrowserStackRunExtension - cucumber java
12:41:52.534 [ApplicationImpl pooled thread 69] INFO  com.browserstack.utils.Helpers - null
12:41:52.535 [ApplicationImpl pooled thread 69] INFO  c.b.l.BrowserStackRunExtension - Agent path: null
12:46:00.795 [ApplicationImpl pooled thread 97] INFO  c.b.l.BrowserStackRunExtension - cucumber java
12:46:00.795 [ApplicationImpl pooled thread 97] INFO  com.browserstack.utils.Helpers - null
12:46:00.798 [ApplicationImpl pooled thread 97] INFO  c.b.l.BrowserStackRunExtension - Agent path: null
12:46:21.906 [ApplicationImpl pooled thread 97] INFO  c.b.l.BrowserStackRunExtension - cucumber java
12:46:21.907 [ApplicationImpl pooled thread 97] INFO  com.browserstack.utils.Helpers - null
12:46:21.908 [ApplicationImpl pooled thread 97] INFO  c.b.l.BrowserStackRunExtension - Agent path: null
12:51:12.294 [ApplicationImpl pooled thread 104] INFO  c.b.l.BrowserStackRunExtension - maven
12:51:12.294 [ApplicationImpl pooled thread 104] INFO  com.browserstack.utils.Helpers - null
12:52:18.737 [ApplicationImpl pooled thread 108] INFO  c.b.l.BrowserStackRunExtension - maven
12:52:18.737 [ApplicationImpl pooled thread 108] INFO  com.browserstack.utils.Helpers - null
12:52:54.225 [ApplicationImpl pooled thread 113] INFO  c.b.l.BrowserStackRunExtension - maven
12:52:54.225 [ApplicationImpl pooled thread 113] INFO  com.browserstack.utils.Helpers - null
12:53:31.468 [ApplicationImpl pooled thread 114] INFO  c.b.l.BrowserStackRunExtension - maven
12:53:31.469 [ApplicationImpl pooled thread 114] INFO  com.browserstack.utils.Helpers - null
12:53:49.289 [ApplicationImpl pooled thread 115] INFO  c.b.l.BrowserStackRunExtension - cucumber java
12:53:49.290 [ApplicationImpl pooled thread 115] INFO  com.browserstack.utils.Helpers - null
12:53:49.291 [ApplicationImpl pooled thread 115] INFO  c.b.l.BrowserStackRunExtension - Agent path: null
12:55:06.679 [ApplicationImpl pooled thread 108] INFO  c.b.l.BrowserStackRunExtension - maven
12:55:06.680 [ApplicationImpl pooled thread 108] INFO  com.browserstack.utils.Helpers - null
12:56:33.092 [ApplicationImpl pooled thread 123] INFO  c.b.l.BrowserStackRunExtension - cucumber java
12:56:33.093 [ApplicationImpl pooled thread 123] INFO  com.browserstack.utils.Helpers - null
12:56:33.094 [ApplicationImpl pooled thread 123] INFO  c.b.l.BrowserStackRunExtension - Agent path: null
12:57:33.798 [ApplicationImpl pooled thread 120] INFO  c.b.l.BrowserStackRunExtension - cucumber java
12:57:33.799 [ApplicationImpl pooled thread 120] INFO  com.browserstack.utils.Helpers - null
12:57:33.801 [ApplicationImpl pooled thread 120] INFO  c.b.l.BrowserStackRunExtension - Agent path: null
13:55:15.379 [ApplicationImpl pooled thread 128] INFO  c.b.l.BrowserStackRunExtension - cucumber java
13:55:15.380 [ApplicationImpl pooled thread 128] INFO  com.browserstack.utils.Helpers - null
13:55:15.382 [ApplicationImpl pooled thread 128] INFO  c.b.l.BrowserStackRunExtension - Agent path: null
13:55:51.979 [ApplicationImpl pooled thread 135] INFO  c.b.l.BrowserStackRunExtension - cucumber java
13:55:51.979 [ApplicationImpl pooled thread 135] INFO  com.browserstack.utils.Helpers - null
13:55:51.980 [ApplicationImpl pooled thread 135] INFO  c.b.l.BrowserStackRunExtension - Agent path: null
13:56:09.769 [ApplicationImpl pooled thread 128] INFO  c.b.l.BrowserStackRunExtension - cucumber java
13:56:09.771 [ApplicationImpl pooled thread 128] INFO  com.browserstack.utils.Helpers - null
13:56:09.773 [ApplicationImpl pooled thread 128] INFO  c.b.l.BrowserStackRunExtension - Agent path: null
13:58:24.554 [ApplicationImpl pooled thread 140] INFO  c.b.l.BrowserStackRunExtension - cucumber java
13:58:24.554 [ApplicationImpl pooled thread 140] INFO  com.browserstack.utils.Helpers - null
13:58:24.556 [ApplicationImpl pooled thread 140] INFO  c.b.l.BrowserStackRunExtension - Agent path: null
14:04:24.163 [ApplicationImpl pooled thread 148] INFO  c.b.l.BrowserStackRunExtension - cucumber java
14:04:24.164 [ApplicationImpl pooled thread 148] INFO  com.browserstack.utils.Helpers - null
14:04:24.165 [ApplicationImpl pooled thread 148] INFO  c.b.l.BrowserStackRunExtension - Agent path: null
14:05:04.298 [ApplicationImpl pooled thread 157] INFO  c.b.l.BrowserStackRunExtension - cucumber java
14:05:04.298 [ApplicationImpl pooled thread 157] INFO  com.browserstack.utils.Helpers - null
14:05:04.300 [ApplicationImpl pooled thread 157] INFO  c.b.l.BrowserStackRunExtension - Agent path: null
14:06:37.246 [ApplicationImpl pooled thread 158] INFO  c.b.l.BrowserStackRunExtension - cucumber java
14:06:37.246 [ApplicationImpl pooled thread 158] INFO  com.browserstack.utils.Helpers - null
14:06:37.248 [ApplicationImpl pooled thread 158] INFO  c.b.l.BrowserStackRunExtension - Agent path: null
14:08:23.862 [ApplicationImpl pooled thread 155] INFO  c.b.l.BrowserStackRunExtension - cucumber java
14:08:23.862 [ApplicationImpl pooled thread 155] INFO  com.browserstack.utils.Helpers - null
14:08:23.864 [ApplicationImpl pooled thread 155] INFO  c.b.l.BrowserStackRunExtension - Agent path: null
14:12:45.717 [ApplicationImpl pooled thread 164] INFO  c.b.l.BrowserStackRunExtension - cucumber java
14:12:45.717 [ApplicationImpl pooled thread 164] INFO  com.browserstack.utils.Helpers - null
14:12:45.719 [ApplicationImpl pooled thread 164] INFO  c.b.l.BrowserStackRunExtension - Agent path: null
14:26:26.675 [ApplicationImpl pooled thread 5] INFO  c.b.l.BrowserStackRunExtension - maven
14:26:26.676 [ApplicationImpl pooled thread 5] INFO  com.browserstack.utils.Helpers - null
14:26:47.618 [ApplicationImpl pooled thread 9] INFO  c.b.l.BrowserStackRunExtension - cucumber java
14:26:47.619 [ApplicationImpl pooled thread 9] INFO  com.browserstack.utils.Helpers - null
14:26:47.620 [ApplicationImpl pooled thread 9] INFO  c.b.l.BrowserStackRunExtension - Agent path: null
14:30:06.643 [ApplicationImpl pooled thread 10] INFO  c.b.l.BrowserStackRunExtension - cucumber java
14:30:06.643 [ApplicationImpl pooled thread 10] INFO  com.browserstack.utils.Helpers - null
14:30:06.645 [ApplicationImpl pooled thread 10] INFO  c.b.l.BrowserStackRunExtension - Agent path: null
14:44:20.025 [ApplicationImpl pooled thread 22] INFO  c.b.l.BrowserStackRunExtension - maven
14:44:20.026 [ApplicationImpl pooled thread 22] INFO  com.browserstack.utils.Helpers - null
14:44:42.410 [ApplicationImpl pooled thread 24] INFO  c.b.l.BrowserStackRunExtension - cucumber java
14:44:42.410 [ApplicationImpl pooled thread 24] INFO  com.browserstack.utils.Helpers - null
14:44:42.412 [ApplicationImpl pooled thread 24] INFO  c.b.l.BrowserStackRunExtension - Agent path: null
14:47:45.297 [ApplicationImpl pooled thread 35] INFO  c.b.l.BrowserStackRunExtension - cucumber java
14:47:45.297 [ApplicationImpl pooled thread 35] INFO  com.browserstack.utils.Helpers - null
14:47:45.299 [ApplicationImpl pooled thread 35] INFO  c.b.l.BrowserStackRunExtension - Agent path: null
14:54:00.909 [ApplicationImpl pooled thread 43] INFO  c.b.l.BrowserStackRunExtension - cucumber java
14:54:00.910 [ApplicationImpl pooled thread 43] INFO  com.browserstack.utils.Helpers - null
14:54:00.912 [ApplicationImpl pooled thread 43] INFO  c.b.l.BrowserStackRunExtension - Agent path: null
14:57:32.602 [ApplicationImpl pooled thread 52] INFO  c.b.l.BrowserStackRunExtension - cucumber java
14:57:32.602 [ApplicationImpl pooled thread 52] INFO  com.browserstack.utils.Helpers - null
14:57:32.604 [ApplicationImpl pooled thread 52] INFO  c.b.l.BrowserStackRunExtension - Agent path: null
14:58:14.021 [ApplicationImpl pooled thread 50] INFO  c.b.l.BrowserStackRunExtension - cucumber java
14:58:14.036 [ApplicationImpl pooled thread 50] INFO  com.browserstack.utils.Helpers - null
14:58:14.039 [ApplicationImpl pooled thread 50] INFO  c.b.l.BrowserStackRunExtension - Agent path: null
14:58:56.312 [ApplicationImpl pooled thread 52] INFO  c.b.l.BrowserStackRunExtension - cucumber java
14:58:56.313 [ApplicationImpl pooled thread 52] INFO  com.browserstack.utils.Helpers - null
14:58:56.314 [ApplicationImpl pooled thread 52] INFO  c.b.l.BrowserStackRunExtension - Agent path: null
14:59:26.119 [ApplicationImpl pooled thread 44] INFO  c.b.l.BrowserStackRunExtension - cucumber java
14:59:26.119 [ApplicationImpl pooled thread 44] INFO  com.browserstack.utils.Helpers - null
14:59:26.127 [ApplicationImpl pooled thread 44] INFO  c.b.l.BrowserStackRunExtension - Agent path: null
15:01:24.635 [ApplicationImpl pooled thread 54] INFO  c.b.l.BrowserStackRunExtension - cucumber java
15:01:24.635 [ApplicationImpl pooled thread 54] INFO  com.browserstack.utils.Helpers - null
15:01:24.638 [ApplicationImpl pooled thread 54] INFO  c.b.l.BrowserStackRunExtension - Agent path: null
15:04:42.700 [ApplicationImpl pooled thread 51] INFO  c.b.l.BrowserStackRunExtension - cucumber java
15:04:42.701 [ApplicationImpl pooled thread 51] INFO  com.browserstack.utils.Helpers - null
15:04:42.702 [ApplicationImpl pooled thread 51] INFO  c.b.l.BrowserStackRunExtension - Agent path: null
15:08:52.859 [ApplicationImpl pooled thread 59] INFO  c.b.l.BrowserStackRunExtension - cucumber java
15:08:52.859 [ApplicationImpl pooled thread 59] INFO  com.browserstack.utils.Helpers - null
15:08:52.861 [ApplicationImpl pooled thread 59] INFO  c.b.l.BrowserStackRunExtension - Agent path: null
12:40:43.528 [ApplicationImpl pooled thread 90] INFO  c.b.l.BrowserStackRunExtension - cucumber java
12:40:43.532 [ApplicationImpl pooled thread 90] INFO  com.browserstack.utils.Helpers - null
12:40:43.533 [ApplicationImpl pooled thread 90] INFO  c.b.l.BrowserStackRunExtension - Agent path: null
12:44:11.704 [ApplicationImpl pooled thread 109] INFO  c.b.l.BrowserStackRunExtension - cucumber java
12:44:11.704 [ApplicationImpl pooled thread 109] INFO  com.browserstack.utils.Helpers - null
12:44:11.705 [ApplicationImpl pooled thread 109] INFO  c.b.l.BrowserStackRunExtension - Agent path: null
12:47:51.129 [ApplicationImpl pooled thread 114] INFO  c.b.l.BrowserStackRunExtension - cucumber java
12:47:51.129 [ApplicationImpl pooled thread 114] INFO  com.browserstack.utils.Helpers - null
12:47:51.130 [ApplicationImpl pooled thread 114] INFO  c.b.l.BrowserStackRunExtension - Agent path: null
13:02:01.437 [AWT-EventQueue-0] INFO  c.b.actions.EnableBrowserStack - Setting enable browserstack run update
13:02:01.447 [AWT-EventQueue-0] INFO  c.b.actions.DisableBrowserStack - Setting disable browserstack run update
13:11:13.285 [ApplicationImpl pooled thread 193] INFO  c.b.l.BrowserStackRunExtension - cucumber java
13:11:13.286 [ApplicationImpl pooled thread 193] INFO  com.browserstack.utils.Helpers - null
13:11:13.287 [ApplicationImpl pooled thread 193] INFO  c.b.l.BrowserStackRunExtension - Agent path: null
13:11:42.481 [ApplicationImpl pooled thread 195] INFO  c.b.l.BrowserStackRunExtension - cucumber java
13:11:42.481 [ApplicationImpl pooled thread 195] INFO  com.browserstack.utils.Helpers - null
13:11:42.483 [ApplicationImpl pooled thread 195] INFO  c.b.l.BrowserStackRunExtension - Agent path: null
13:12:58.413 [ApplicationImpl pooled thread 192] INFO  c.b.l.BrowserStackRunExtension - cucumber java
13:12:58.413 [ApplicationImpl pooled thread 192] INFO  com.browserstack.utils.Helpers - null
13:12:58.415 [ApplicationImpl pooled thread 192] INFO  c.b.l.BrowserStackRunExtension - Agent path: null
13:15:49.344 [ApplicationImpl pooled thread 213] INFO  c.b.l.BrowserStackRunExtension - cucumber java
13:15:49.344 [ApplicationImpl pooled thread 213] INFO  com.browserstack.utils.Helpers - null
13:15:49.345 [ApplicationImpl pooled thread 213] INFO  c.b.l.BrowserStackRunExtension - Agent path: null
11:26:20.218 [ApplicationImpl pooled thread 20] INFO  c.b.l.BrowserStackRunExtension - cucumber java
11:26:20.219 [ApplicationImpl pooled thread 20] INFO  com.browserstack.utils.Helpers - null
11:26:20.220 [ApplicationImpl pooled thread 20] INFO  c.b.l.BrowserStackRunExtension - Agent path: null
11:26:53.189 [ApplicationImpl pooled thread 16] INFO  c.b.l.BrowserStackRunExtension - cucumber java
11:26:53.190 [ApplicationImpl pooled thread 16] INFO  com.browserstack.utils.Helpers - null
11:26:53.191 [ApplicationImpl pooled thread 16] INFO  c.b.l.BrowserStackRunExtension - Agent path: null
11:29:35.349 [ApplicationImpl pooled thread 4] INFO  c.b.l.BrowserStackRunExtension - cucumber java
11:29:35.349 [ApplicationImpl pooled thread 4] INFO  com.browserstack.utils.Helpers - null
11:29:35.351 [ApplicationImpl pooled thread 4] INFO  c.b.l.BrowserStackRunExtension - Agent path: null
11:32:14.443 [ApplicationImpl pooled thread 41] INFO  c.b.l.BrowserStackRunExtension - cucumber java
11:32:14.443 [ApplicationImpl pooled thread 41] INFO  com.browserstack.utils.Helpers - null
11:32:14.444 [ApplicationImpl pooled thread 41] INFO  c.b.l.BrowserStackRunExtension - Agent path: null
11:34:22.351 [ApplicationImpl pooled thread 51] INFO  c.b.l.BrowserStackRunExtension - cucumber java
11:34:22.351 [ApplicationImpl pooled thread 51] INFO  com.browserstack.utils.Helpers - null
11:34:22.352 [ApplicationImpl pooled thread 51] INFO  c.b.l.BrowserStackRunExtension - Agent path: null
11:36:32.470 [ApplicationImpl pooled thread 46] INFO  c.b.l.BrowserStackRunExtension - cucumber java
11:36:32.470 [ApplicationImpl pooled thread 46] INFO  com.browserstack.utils.Helpers - null
11:36:32.471 [ApplicationImpl pooled thread 46] INFO  c.b.l.BrowserStackRunExtension - Agent path: null
11:37:53.170 [ApplicationImpl pooled thread 46] INFO  c.b.l.BrowserStackRunExtension - cucumber java
11:37:53.170 [ApplicationImpl pooled thread 46] INFO  com.browserstack.utils.Helpers - null
11:37:53.171 [ApplicationImpl pooled thread 46] INFO  c.b.l.BrowserStackRunExtension - Agent path: null
11:39:25.464 [ApplicationImpl pooled thread 46] INFO  c.b.l.BrowserStackRunExtension - cucumber java
11:39:25.464 [ApplicationImpl pooled thread 46] INFO  com.browserstack.utils.Helpers - null
11:39:25.467 [ApplicationImpl pooled thread 46] INFO  c.b.l.BrowserStackRunExtension - Agent path: null
11:40:34.366 [ApplicationImpl pooled thread 58] INFO  c.b.l.BrowserStackRunExtension - cucumber java
11:40:34.367 [ApplicationImpl pooled thread 58] INFO  com.browserstack.utils.Helpers - null
11:40:34.369 [ApplicationImpl pooled thread 58] INFO  c.b.l.BrowserStackRunExtension - Agent path: null
11:44:51.855 [ApplicationImpl pooled thread 65] INFO  c.b.l.BrowserStackRunExtension - cucumber java
11:44:51.855 [ApplicationImpl pooled thread 65] INFO  com.browserstack.utils.Helpers - null
11:44:51.857 [ApplicationImpl pooled thread 65] INFO  c.b.l.BrowserStackRunExtension - Agent path: null
11:47:56.219 [ApplicationImpl pooled thread 72] INFO  c.b.l.BrowserStackRunExtension - cucumber java
11:47:56.219 [ApplicationImpl pooled thread 72] INFO  com.browserstack.utils.Helpers - null
11:47:56.221 [ApplicationImpl pooled thread 72] INFO  c.b.l.BrowserStackRunExtension - Agent path: null
11:50:36.113 [ApplicationImpl pooled thread 75] INFO  c.b.l.BrowserStackRunExtension - cucumber java
11:50:36.113 [ApplicationImpl pooled thread 75] INFO  com.browserstack.utils.Helpers - null
11:50:36.115 [ApplicationImpl pooled thread 75] INFO  c.b.l.BrowserStackRunExtension - Agent path: null
11:52:01.933 [ApplicationImpl pooled thread 87] INFO  c.b.l.BrowserStackRunExtension - cucumber java
11:52:01.933 [ApplicationImpl pooled thread 87] INFO  com.browserstack.utils.Helpers - null
11:52:01.934 [ApplicationImpl pooled thread 87] INFO  c.b.l.BrowserStackRunExtension - Agent path: null
11:54:14.405 [ApplicationImpl pooled thread 89] INFO  c.b.l.BrowserStackRunExtension - cucumber java
11:54:14.405 [ApplicationImpl pooled thread 89] INFO  com.browserstack.utils.Helpers - null
11:54:14.407 [ApplicationImpl pooled thread 89] INFO  c.b.l.BrowserStackRunExtension - Agent path: null
12:00:02.945 [ApplicationImpl pooled thread 101] INFO  c.b.l.BrowserStackRunExtension - cucumber java
12:00:02.945 [ApplicationImpl pooled thread 101] INFO  com.browserstack.utils.Helpers - null
12:00:02.946 [ApplicationImpl pooled thread 101] INFO  c.b.l.BrowserStackRunExtension - Agent path: null
12:00:58.324 [ApplicationImpl pooled thread 101] INFO  c.b.l.BrowserStackRunExtension - cucumber java
12:00:58.325 [ApplicationImpl pooled thread 101] INFO  com.browserstack.utils.Helpers - null
12:00:58.327 [ApplicationImpl pooled thread 101] INFO  c.b.l.BrowserStackRunExtension - Agent path: null
12:01:34.063 [ApplicationImpl pooled thread 112] INFO  c.b.l.BrowserStackRunExtension - cucumber java
12:01:34.063 [ApplicationImpl pooled thread 112] INFO  com.browserstack.utils.Helpers - null
12:01:34.064 [ApplicationImpl pooled thread 112] INFO  c.b.l.BrowserStackRunExtension - Agent path: null
12:03:16.852 [ApplicationImpl pooled thread 112] INFO  c.b.l.BrowserStackRunExtension - cucumber java
12:03:16.852 [ApplicationImpl pooled thread 112] INFO  com.browserstack.utils.Helpers - null
12:03:16.853 [ApplicationImpl pooled thread 112] INFO  c.b.l.BrowserStackRunExtension - Agent path: null
12:07:30.923 [ApplicationImpl pooled thread 124] INFO  c.b.l.BrowserStackRunExtension - maven
12:07:30.924 [ApplicationImpl pooled thread 124] INFO  com.browserstack.utils.Helpers - null
12:07:55.392 [ApplicationImpl pooled thread 119] INFO  c.b.l.BrowserStackRunExtension - cucumber java
12:07:55.393 [ApplicationImpl pooled thread 119] INFO  com.browserstack.utils.Helpers - null
12:07:55.393 [ApplicationImpl pooled thread 119] INFO  c.b.l.BrowserStackRunExtension - Agent path: null
12:09:44.038 [ApplicationImpl pooled thread 133] INFO  c.b.l.BrowserStackRunExtension - cucumber java
12:09:44.038 [ApplicationImpl pooled thread 133] INFO  com.browserstack.utils.Helpers - null
12:09:44.040 [ApplicationImpl pooled thread 133] INFO  c.b.l.BrowserStackRunExtension - Agent path: null
12:15:38.271 [ApplicationImpl pooled thread 140] INFO  c.b.l.BrowserStackRunExtension - cucumber java
12:15:38.272 [ApplicationImpl pooled thread 140] INFO  com.browserstack.utils.Helpers - null
12:15:38.274 [ApplicationImpl pooled thread 140] INFO  c.b.l.BrowserStackRunExtension - Agent path: null
12:21:10.267 [ApplicationImpl pooled thread 155] INFO  c.b.l.BrowserStackRunExtension - maven
12:21:10.268 [ApplicationImpl pooled thread 155] INFO  com.browserstack.utils.Helpers - null
12:21:31.089 [ApplicationImpl pooled thread 156] INFO  c.b.l.BrowserStackRunExtension - cucumber java
12:21:31.090 [ApplicationImpl pooled thread 156] INFO  com.browserstack.utils.Helpers - null
12:21:31.090 [ApplicationImpl pooled thread 156] INFO  c.b.l.BrowserStackRunExtension - Agent path: null
12:24:33.233 [ApplicationImpl pooled thread 166] INFO  c.b.l.BrowserStackRunExtension - cucumber java
12:24:33.233 [ApplicationImpl pooled thread 166] INFO  com.browserstack.utils.Helpers - null
12:24:33.234 [ApplicationImpl pooled thread 166] INFO  c.b.l.BrowserStackRunExtension - Agent path: null
12:34:25.145 [ApplicationImpl pooled thread 179] INFO  c.b.l.BrowserStackRunExtension - cucumber java
12:34:25.145 [ApplicationImpl pooled thread 179] INFO  com.browserstack.utils.Helpers - null
12:34:25.145 [ApplicationImpl pooled thread 179] INFO  c.b.l.BrowserStackRunExtension - Agent path: null
12:34:30.424 [ApplicationImpl pooled thread 184] INFO  c.b.l.BrowserStackRunExtension - cucumber java
12:34:30.424 [ApplicationImpl pooled thread 184] INFO  com.browserstack.utils.Helpers - null
12:34:30.427 [ApplicationImpl pooled thread 184] INFO  c.b.l.BrowserStackRunExtension - Agent path: null
12:36:02.684 [ApplicationImpl pooled thread 180] INFO  c.b.l.BrowserStackRunExtension - cucumber java
12:36:02.684 [ApplicationImpl pooled thread 180] INFO  com.browserstack.utils.Helpers - null
12:36:02.685 [ApplicationImpl pooled thread 180] INFO  c.b.l.BrowserStackRunExtension - Agent path: null
12:39:58.381 [ApplicationImpl pooled thread 184] INFO  c.b.l.BrowserStackRunExtension - cucumber java
12:39:58.381 [ApplicationImpl pooled thread 184] INFO  com.browserstack.utils.Helpers - null
12:39:58.384 [ApplicationImpl pooled thread 184] INFO  c.b.l.BrowserStackRunExtension - Agent path: null
12:41:37.153 [ApplicationImpl pooled thread 197] INFO  c.b.l.BrowserStackRunExtension - cucumber java
12:41:37.153 [ApplicationImpl pooled thread 197] INFO  com.browserstack.utils.Helpers - null
12:41:37.154 [ApplicationImpl pooled thread 197] INFO  c.b.l.BrowserStackRunExtension - Agent path: null
12:45:28.544 [ApplicationImpl pooled thread 205] INFO  c.b.l.BrowserStackRunExtension - cucumber java
12:45:28.544 [ApplicationImpl pooled thread 205] INFO  com.browserstack.utils.Helpers - null
12:45:28.545 [ApplicationImpl pooled thread 205] INFO  c.b.l.BrowserStackRunExtension - Agent path: null
12:46:21.874 [ApplicationImpl pooled thread 207] INFO  c.b.l.BrowserStackRunExtension - cucumber java
12:46:21.874 [ApplicationImpl pooled thread 207] INFO  com.browserstack.utils.Helpers - null
12:46:21.875 [ApplicationImpl pooled thread 207] INFO  c.b.l.BrowserStackRunExtension - Agent path: null
12:47:38.176 [ApplicationImpl pooled thread 213] INFO  c.b.l.BrowserStackRunExtension - cucumber java
12:47:38.177 [ApplicationImpl pooled thread 213] INFO  com.browserstack.utils.Helpers - null
12:47:38.178 [ApplicationImpl pooled thread 213] INFO  c.b.l.BrowserStackRunExtension - Agent path: null
12:49:24.945 [ApplicationImpl pooled thread 218] INFO  c.b.l.BrowserStackRunExtension - cucumber java
12:49:24.945 [ApplicationImpl pooled thread 218] INFO  com.browserstack.utils.Helpers - null
12:49:24.947 [ApplicationImpl pooled thread 218] INFO  c.b.l.BrowserStackRunExtension - Agent path: null
12:50:14.466 [ApplicationImpl pooled thread 220] INFO  c.b.l.BrowserStackRunExtension - cucumber java
12:50:14.467 [ApplicationImpl pooled thread 220] INFO  com.browserstack.utils.Helpers - null
12:50:14.469 [ApplicationImpl pooled thread 220] INFO  c.b.l.BrowserStackRunExtension - Agent path: null
12:52:11.436 [ApplicationImpl pooled thread 223] INFO  c.b.l.BrowserStackRunExtension - cucumber java
12:52:11.437 [ApplicationImpl pooled thread 223] INFO  com.browserstack.utils.Helpers - null
12:52:11.439 [ApplicationImpl pooled thread 223] INFO  c.b.l.BrowserStackRunExtension - Agent path: null
13:01:37.361 [ApplicationImpl pooled thread 237] INFO  c.b.l.BrowserStackRunExtension - cucumber java
13:01:37.361 [ApplicationImpl pooled thread 237] INFO  com.browserstack.utils.Helpers - null
13:01:37.362 [ApplicationImpl pooled thread 237] INFO  c.b.l.BrowserStackRunExtension - Agent path: null
13:03:48.958 [ApplicationImpl pooled thread 240] INFO  c.b.l.BrowserStackRunExtension - cucumber java
13:03:48.958 [ApplicationImpl pooled thread 240] INFO  com.browserstack.utils.Helpers - null
13:03:48.959 [ApplicationImpl pooled thread 240] INFO  c.b.l.BrowserStackRunExtension - Agent path: null
13:07:34.887 [ApplicationImpl pooled thread 253] INFO  c.b.l.BrowserStackRunExtension - cucumber java
13:07:34.888 [ApplicationImpl pooled thread 253] INFO  com.browserstack.utils.Helpers - null
13:07:34.889 [ApplicationImpl pooled thread 253] INFO  c.b.l.BrowserStackRunExtension - Agent path: null
14:02:52.207 [ApplicationImpl pooled thread 278] INFO  c.b.l.BrowserStackRunExtension - cucumber java
14:02:52.207 [ApplicationImpl pooled thread 278] INFO  com.browserstack.utils.Helpers - null
14:02:52.208 [ApplicationImpl pooled thread 278] INFO  c.b.l.BrowserStackRunExtension - Agent path: null
14:23:15.945 [ApplicationImpl pooled thread 296] INFO  c.b.l.BrowserStackRunExtension - cucumber java
14:23:15.946 [ApplicationImpl pooled thread 296] INFO  com.browserstack.utils.Helpers - null
14:23:15.947 [ApplicationImpl pooled thread 296] INFO  c.b.l.BrowserStackRunExtension - Agent path: null
14:27:00.472 [ApplicationImpl pooled thread 304] INFO  c.b.l.BrowserStackRunExtension - cucumber java
14:27:00.472 [ApplicationImpl pooled thread 304] INFO  com.browserstack.utils.Helpers - null
14:27:00.474 [ApplicationImpl pooled thread 304] INFO  c.b.l.BrowserStackRunExtension - Agent path: null
14:29:26.453 [ApplicationImpl pooled thread 307] INFO  c.b.l.BrowserStackRunExtension - cucumber java
14:29:26.454 [ApplicationImpl pooled thread 307] INFO  com.browserstack.utils.Helpers - null
14:29:26.455 [ApplicationImpl pooled thread 307] INFO  c.b.l.BrowserStackRunExtension - Agent path: null
14:31:07.676 [ApplicationImpl pooled thread 307] INFO  c.b.l.BrowserStackRunExtension - cucumber java
14:31:07.677 [ApplicationImpl pooled thread 307] INFO  com.browserstack.utils.Helpers - null
14:31:07.678 [ApplicationImpl pooled thread 307] INFO  c.b.l.BrowserStackRunExtension - Agent path: null
14:38:23.409 [ApplicationImpl pooled thread 319] INFO  c.b.l.BrowserStackRunExtension - cucumber java
14:38:23.410 [ApplicationImpl pooled thread 319] INFO  com.browserstack.utils.Helpers - null
14:38:23.411 [ApplicationImpl pooled thread 319] INFO  c.b.l.BrowserStackRunExtension - Agent path: null
14:41:46.692 [ApplicationImpl pooled thread 343] INFO  c.b.l.BrowserStackRunExtension - cucumber java
14:41:46.693 [ApplicationImpl pooled thread 343] INFO  com.browserstack.utils.Helpers - null
14:41:46.694 [ApplicationImpl pooled thread 343] INFO  c.b.l.BrowserStackRunExtension - Agent path: null
14:52:05.626 [ApplicationImpl pooled thread 360] INFO  c.b.l.BrowserStackRunExtension - cucumber java
14:52:05.626 [ApplicationImpl pooled thread 360] INFO  com.browserstack.utils.Helpers - null
14:52:05.628 [ApplicationImpl pooled thread 360] INFO  c.b.l.BrowserStackRunExtension - Agent path: null
14:55:12.007 [ApplicationImpl pooled thread 363] INFO  c.b.l.BrowserStackRunExtension - cucumber java
14:55:12.007 [ApplicationImpl pooled thread 363] INFO  com.browserstack.utils.Helpers - null
14:55:12.009 [ApplicationImpl pooled thread 363] INFO  c.b.l.BrowserStackRunExtension - Agent path: null
14:56:18.336 [ApplicationImpl pooled thread 362] INFO  c.b.l.BrowserStackRunExtension - cucumber java
14:56:18.336 [ApplicationImpl pooled thread 362] INFO  com.browserstack.utils.Helpers - null
14:56:18.337 [ApplicationImpl pooled thread 362] INFO  c.b.l.BrowserStackRunExtension - Agent path: null
14:57:01.991 [ApplicationImpl pooled thread 348] INFO  c.b.l.BrowserStackRunExtension - cucumber java
14:57:01.991 [ApplicationImpl pooled thread 348] INFO  com.browserstack.utils.Helpers - null
14:57:01.993 [ApplicationImpl pooled thread 348] INFO  c.b.l.BrowserStackRunExtension - Agent path: null
15:12:44.300 [ApplicationImpl pooled thread 376] INFO  c.b.l.BrowserStackRunExtension - cucumber java
15:12:44.300 [ApplicationImpl pooled thread 376] INFO  com.browserstack.utils.Helpers - null
15:12:44.301 [ApplicationImpl pooled thread 376] INFO  c.b.l.BrowserStackRunExtension - Agent path: null
15:28:14.075 [ApplicationImpl pooled thread 394] INFO  c.b.l.BrowserStackRunExtension - cucumber java
15:28:14.077 [ApplicationImpl pooled thread 394] INFO  com.browserstack.utils.Helpers - null
15:28:14.078 [ApplicationImpl pooled thread 394] INFO  c.b.l.BrowserStackRunExtension - Agent path: null
15:30:21.599 [ApplicationImpl pooled thread 397] INFO  c.b.l.BrowserStackRunExtension - cucumber java
15:30:21.599 [ApplicationImpl pooled thread 397] INFO  com.browserstack.utils.Helpers - null
15:30:21.600 [ApplicationImpl pooled thread 397] INFO  c.b.l.BrowserStackRunExtension - Agent path: null
15:36:08.544 [ApplicationImpl pooled thread 416] INFO  c.b.l.BrowserStackRunExtension - cucumber java
15:36:08.544 [ApplicationImpl pooled thread 416] INFO  com.browserstack.utils.Helpers - null
15:36:08.545 [ApplicationImpl pooled thread 416] INFO  c.b.l.BrowserStackRunExtension - Agent path: null
15:44:34.659 [ApplicationImpl pooled thread 426] INFO  c.b.l.BrowserStackRunExtension - cucumber java
15:44:34.659 [ApplicationImpl pooled thread 426] INFO  com.browserstack.utils.Helpers - null
15:44:34.661 [ApplicationImpl pooled thread 426] INFO  c.b.l.BrowserStackRunExtension - Agent path: null
15:45:07.728 [ApplicationImpl pooled thread 428] INFO  c.b.l.BrowserStackRunExtension - cucumber java
15:45:07.729 [ApplicationImpl pooled thread 428] INFO  com.browserstack.utils.Helpers - null
15:45:07.730 [ApplicationImpl pooled thread 428] INFO  c.b.l.BrowserStackRunExtension - Agent path: null
15:46:51.327 [ApplicationImpl pooled thread 436] INFO  c.b.l.BrowserStackRunExtension - cucumber java
15:46:51.327 [ApplicationImpl pooled thread 436] INFO  com.browserstack.utils.Helpers - null
15:46:51.328 [ApplicationImpl pooled thread 436] INFO  c.b.l.BrowserStackRunExtension - Agent path: null
15:51:26.794 [ApplicationImpl pooled thread 443] INFO  c.b.l.BrowserStackRunExtension - cucumber java
15:51:26.794 [ApplicationImpl pooled thread 443] INFO  com.browserstack.utils.Helpers - null
15:51:26.802 [ApplicationImpl pooled thread 443] INFO  c.b.l.BrowserStackRunExtension - Agent path: null
15:53:18.252 [ApplicationImpl pooled thread 457] INFO  c.b.l.BrowserStackRunExtension - cucumber java
15:53:18.252 [ApplicationImpl pooled thread 457] INFO  com.browserstack.utils.Helpers - null
15:53:18.264 [ApplicationImpl pooled thread 457] INFO  c.b.l.BrowserStackRunExtension - Agent path: null
15:59:58.562 [ApplicationImpl pooled thread 463] INFO  c.b.l.BrowserStackRunExtension - cucumber java
15:59:58.563 [ApplicationImpl pooled thread 463] INFO  com.browserstack.utils.Helpers - null
15:59:58.564 [ApplicationImpl pooled thread 463] INFO  c.b.l.BrowserStackRunExtension - Agent path: null
16:04:36.583 [ApplicationImpl pooled thread 478] INFO  c.b.l.BrowserStackRunExtension - cucumber java
16:04:36.583 [ApplicationImpl pooled thread 478] INFO  com.browserstack.utils.Helpers - null
16:04:36.585 [ApplicationImpl pooled thread 478] INFO  c.b.l.BrowserStackRunExtension - Agent path: null
16:07:27.972 [ApplicationImpl pooled thread 477] INFO  c.b.l.BrowserStackRunExtension - cucumber java
16:07:27.972 [ApplicationImpl pooled thread 477] INFO  com.browserstack.utils.Helpers - null
16:07:27.975 [ApplicationImpl pooled thread 477] INFO  c.b.l.BrowserStackRunExtension - Agent path: null
16:17:05.428 [ApplicationImpl pooled thread 497] INFO  c.b.l.BrowserStackRunExtension - cucumber java
16:17:05.428 [ApplicationImpl pooled thread 497] INFO  com.browserstack.utils.Helpers - null
16:17:05.429 [ApplicationImpl pooled thread 497] INFO  c.b.l.BrowserStackRunExtension - Agent path: null
16:19:58.787 [ApplicationImpl pooled thread 504] INFO  c.b.l.BrowserStackRunExtension - cucumber java
16:19:58.787 [ApplicationImpl pooled thread 504] INFO  com.browserstack.utils.Helpers - null
16:19:58.790 [ApplicationImpl pooled thread 504] INFO  c.b.l.BrowserStackRunExtension - Agent path: null
16:21:36.815 [ApplicationImpl pooled thread 512] INFO  c.b.l.BrowserStackRunExtension - cucumber java
16:21:36.815 [ApplicationImpl pooled thread 512] INFO  com.browserstack.utils.Helpers - null
16:21:36.816 [ApplicationImpl pooled thread 512] INFO  c.b.l.BrowserStackRunExtension - Agent path: null
16:26:08.808 [ApplicationImpl pooled thread 518] INFO  c.b.l.BrowserStackRunExtension - cucumber java
16:26:08.808 [ApplicationImpl pooled thread 518] INFO  com.browserstack.utils.Helpers - null
16:26:08.810 [ApplicationImpl pooled thread 518] INFO  c.b.l.BrowserStackRunExtension - Agent path: null
16:29:26.868 [ApplicationImpl pooled thread 530] INFO  c.b.l.BrowserStackRunExtension - cucumber java
16:29:26.868 [ApplicationImpl pooled thread 530] INFO  com.browserstack.utils.Helpers - null
16:29:26.869 [ApplicationImpl pooled thread 530] INFO  c.b.l.BrowserStackRunExtension - Agent path: null
16:32:59.373 [ApplicationImpl pooled thread 539] INFO  c.b.l.BrowserStackRunExtension - cucumber java
16:32:59.373 [ApplicationImpl pooled thread 539] INFO  com.browserstack.utils.Helpers - null
16:32:59.375 [ApplicationImpl pooled thread 539] INFO  c.b.l.BrowserStackRunExtension - Agent path: null
16:35:40.413 [ApplicationImpl pooled thread 552] INFO  c.b.l.BrowserStackRunExtension - cucumber java
16:35:40.413 [ApplicationImpl pooled thread 552] INFO  com.browserstack.utils.Helpers - null
16:35:40.415 [ApplicationImpl pooled thread 552] INFO  c.b.l.BrowserStackRunExtension - Agent path: null
09:26:06.545 [ApplicationImpl pooled thread 5] INFO  c.b.l.BrowserStackRunExtension - cucumber java
09:26:06.549 [ApplicationImpl pooled thread 5] INFO  com.browserstack.utils.Helpers - null
09:26:06.551 [ApplicationImpl pooled thread 5] INFO  c.b.l.BrowserStackRunExtension - Agent path: null
09:38:53.142 [ApplicationImpl pooled thread 33] INFO  c.b.l.BrowserStackRunExtension - cucumber java
09:38:53.143 [ApplicationImpl pooled thread 33] INFO  com.browserstack.utils.Helpers - null
09:38:53.144 [ApplicationImpl pooled thread 33] INFO  c.b.l.BrowserStackRunExtension - Agent path: null
09:40:27.446 [ApplicationImpl pooled thread 2] INFO  c.b.l.BrowserStackRunExtension - cucumber java
09:40:27.447 [ApplicationImpl pooled thread 2] INFO  com.browserstack.utils.Helpers - null
09:40:27.449 [ApplicationImpl pooled thread 2] INFO  c.b.l.BrowserStackRunExtension - Agent path: null
09:40:59.580 [ApplicationImpl pooled thread 35] INFO  c.b.l.BrowserStackRunExtension - maven
09:40:59.581 [ApplicationImpl pooled thread 35] INFO  com.browserstack.utils.Helpers - null
09:41:14.797 [ApplicationImpl pooled thread 9] INFO  c.b.l.BrowserStackRunExtension - cucumber java
09:41:14.797 [ApplicationImpl pooled thread 9] INFO  com.browserstack.utils.Helpers - null
09:41:14.798 [ApplicationImpl pooled thread 9] INFO  c.b.l.BrowserStackRunExtension - Agent path: null
10:12:35.365 [ApplicationImpl pooled thread 53] INFO  c.b.l.BrowserStackRunExtension - cucumber java
10:12:35.365 [ApplicationImpl pooled thread 53] INFO  com.browserstack.utils.Helpers - null
10:12:35.367 [ApplicationImpl pooled thread 53] INFO  c.b.l.BrowserStackRunExtension - Agent path: null
10:14:01.766 [ApplicationImpl pooled thread 53] INFO  c.b.l.BrowserStackRunExtension - maven
10:14:01.766 [ApplicationImpl pooled thread 53] INFO  com.browserstack.utils.Helpers - null
10:14:18.899 [ApplicationImpl pooled thread 66] INFO  c.b.l.BrowserStackRunExtension - cucumber java
10:14:18.899 [ApplicationImpl pooled thread 66] INFO  com.browserstack.utils.Helpers - null
10:14:18.900 [ApplicationImpl pooled thread 66] INFO  c.b.l.BrowserStackRunExtension - Agent path: null
10:18:02.756 [ApplicationImpl pooled thread 69] INFO  c.b.l.BrowserStackRunExtension - cucumber java
10:18:02.756 [ApplicationImpl pooled thread 69] INFO  com.browserstack.utils.Helpers - null
10:18:02.758 [ApplicationImpl pooled thread 69] INFO  c.b.l.BrowserStackRunExtension - Agent path: null
10:18:50.219 [ApplicationImpl pooled thread 59] INFO  c.b.l.BrowserStackRunExtension - cucumber java
10:18:50.219 [ApplicationImpl pooled thread 59] INFO  com.browserstack.utils.Helpers - null
10:18:50.221 [ApplicationImpl pooled thread 59] INFO  c.b.l.BrowserStackRunExtension - Agent path: null
10:21:44.998 [ApplicationImpl pooled thread 71] INFO  c.b.l.BrowserStackRunExtension - cucumber java
10:21:44.998 [ApplicationImpl pooled thread 71] INFO  com.browserstack.utils.Helpers - null
10:21:45.001 [ApplicationImpl pooled thread 71] INFO  c.b.l.BrowserStackRunExtension - Agent path: null
10:22:55.430 [ApplicationImpl pooled thread 86] INFO  c.b.l.BrowserStackRunExtension - cucumber java
10:22:55.430 [ApplicationImpl pooled thread 86] INFO  com.browserstack.utils.Helpers - null
10:22:55.431 [ApplicationImpl pooled thread 86] INFO  c.b.l.BrowserStackRunExtension - Agent path: null
10:23:46.592 [ApplicationImpl pooled thread 87] INFO  c.b.l.BrowserStackRunExtension - cucumber java
10:23:46.592 [ApplicationImpl pooled thread 87] INFO  com.browserstack.utils.Helpers - null
10:23:46.593 [ApplicationImpl pooled thread 87] INFO  c.b.l.BrowserStackRunExtension - Agent path: null
10:27:59.795 [ApplicationImpl pooled thread 96] INFO  c.b.l.BrowserStackRunExtension - cucumber java
10:27:59.796 [ApplicationImpl pooled thread 96] INFO  com.browserstack.utils.Helpers - null
10:27:59.797 [ApplicationImpl pooled thread 96] INFO  c.b.l.BrowserStackRunExtension - Agent path: null
12:43:14.900 [ApplicationImpl pooled thread 139] INFO  c.b.l.BrowserStackRunExtension - cucumber java
12:43:14.900 [ApplicationImpl pooled thread 139] INFO  com.browserstack.utils.Helpers - null
12:43:14.902 [ApplicationImpl pooled thread 139] INFO  c.b.l.BrowserStackRunExtension - Agent path: null
21:32:40.961 [ApplicationImpl pooled thread 4] INFO  c.b.l.BrowserStackRunExtension - cucumber java
21:32:40.963 [ApplicationImpl pooled thread 4] INFO  com.browserstack.utils.Helpers - null
21:32:40.964 [ApplicationImpl pooled thread 4] INFO  c.b.l.BrowserStackRunExtension - Agent path: null
21:40:18.745 [ApplicationImpl pooled thread 27] INFO  c.b.l.BrowserStackRunExtension - cucumber java
21:40:18.745 [ApplicationImpl pooled thread 27] INFO  com.browserstack.utils.Helpers - null
21:40:18.747 [ApplicationImpl pooled thread 27] INFO  c.b.l.BrowserStackRunExtension - Agent path: null
21:41:51.255 [ApplicationImpl pooled thread 38] INFO  c.b.l.BrowserStackRunExtension - cucumber java
21:41:51.255 [ApplicationImpl pooled thread 38] INFO  com.browserstack.utils.Helpers - null
21:41:51.256 [ApplicationImpl pooled thread 38] INFO  c.b.l.BrowserStackRunExtension - Agent path: null
21:46:19.031 [ApplicationImpl pooled thread 46] INFO  c.b.l.BrowserStackRunExtension - cucumber java
21:46:19.031 [ApplicationImpl pooled thread 46] INFO  com.browserstack.utils.Helpers - null
21:46:19.032 [ApplicationImpl pooled thread 46] INFO  c.b.l.BrowserStackRunExtension - Agent path: null
21:51:45.344 [ApplicationImpl pooled thread 53] INFO  c.b.l.BrowserStackRunExtension - cucumber java
21:51:45.344 [ApplicationImpl pooled thread 53] INFO  com.browserstack.utils.Helpers - null
21:51:45.346 [ApplicationImpl pooled thread 53] INFO  c.b.l.BrowserStackRunExtension - Agent path: null
21:56:37.754 [ApplicationImpl pooled thread 60] INFO  c.b.l.BrowserStackRunExtension - cucumber java
21:56:37.755 [ApplicationImpl pooled thread 60] INFO  com.browserstack.utils.Helpers - null
21:56:37.756 [ApplicationImpl pooled thread 60] INFO  c.b.l.BrowserStackRunExtension - Agent path: null
21:56:53.922 [ApplicationImpl pooled thread 66] INFO  c.b.l.BrowserStackRunExtension - cucumber java
21:56:53.923 [ApplicationImpl pooled thread 66] INFO  com.browserstack.utils.Helpers - null
21:56:53.924 [ApplicationImpl pooled thread 66] INFO  c.b.l.BrowserStackRunExtension - Agent path: null
22:02:32.473 [ApplicationImpl pooled thread 83] INFO  c.b.l.BrowserStackRunExtension - cucumber java
22:02:32.473 [ApplicationImpl pooled thread 83] INFO  com.browserstack.utils.Helpers - null
22:02:32.474 [ApplicationImpl pooled thread 83] INFO  c.b.l.BrowserStackRunExtension - Agent path: null
22:04:41.863 [ApplicationImpl pooled thread 84] INFO  c.b.l.BrowserStackRunExtension - cucumber java
22:04:41.863 [ApplicationImpl pooled thread 84] INFO  com.browserstack.utils.Helpers - null
22:04:41.865 [ApplicationImpl pooled thread 84] INFO  c.b.l.BrowserStackRunExtension - Agent path: null
10:17:55.187 [ApplicationImpl pooled thread 34] INFO  c.b.l.BrowserStackRunExtension - cucumber java
10:17:55.190 [ApplicationImpl pooled thread 34] INFO  com.browserstack.utils.Helpers - null
10:17:55.191 [ApplicationImpl pooled thread 34] INFO  c.b.l.BrowserStackRunExtension - Agent path: null
10:22:22.222 [ApplicationImpl pooled thread 45] INFO  c.b.l.BrowserStackRunExtension - cucumber java
10:22:22.222 [ApplicationImpl pooled thread 45] INFO  com.browserstack.utils.Helpers - null
10:22:22.223 [ApplicationImpl pooled thread 45] INFO  c.b.l.BrowserStackRunExtension - Agent path: null
10:22:30.384 [ApplicationImpl pooled thread 36] INFO  c.b.l.BrowserStackRunExtension - cucumber java
10:22:30.384 [ApplicationImpl pooled thread 36] INFO  com.browserstack.utils.Helpers - null
10:22:30.386 [ApplicationImpl pooled thread 36] INFO  c.b.l.BrowserStackRunExtension - Agent path: null
10:26:03.448 [ApplicationImpl pooled thread 45] INFO  c.b.l.BrowserStackRunExtension - cucumber java
10:26:03.448 [ApplicationImpl pooled thread 45] INFO  com.browserstack.utils.Helpers - null
10:26:03.451 [ApplicationImpl pooled thread 45] INFO  c.b.l.BrowserStackRunExtension - Agent path: null
10:27:21.278 [ApplicationImpl pooled thread 45] INFO  c.b.l.BrowserStackRunExtension - cucumber java
10:27:21.278 [ApplicationImpl pooled thread 45] INFO  com.browserstack.utils.Helpers - null
10:27:21.279 [ApplicationImpl pooled thread 45] INFO  c.b.l.BrowserStackRunExtension - Agent path: null
10:51:10.257 [ApplicationImpl pooled thread 77] INFO  c.b.l.BrowserStackRunExtension - cucumber java
10:51:10.257 [ApplicationImpl pooled thread 77] INFO  com.browserstack.utils.Helpers - null
10:51:10.258 [ApplicationImpl pooled thread 77] INFO  c.b.l.BrowserStackRunExtension - Agent path: null
12:49:57.509 [ApplicationImpl pooled thread 123] INFO  c.b.l.BrowserStackRunExtension - cucumber java
12:49:57.509 [ApplicationImpl pooled thread 123] INFO  com.browserstack.utils.Helpers - null
12:49:57.512 [ApplicationImpl pooled thread 123] INFO  c.b.l.BrowserStackRunExtension - Agent path: null
12:51:29.748 [ApplicationImpl pooled thread 116] INFO  c.b.l.BrowserStackRunExtension - cucumber java
12:51:29.748 [ApplicationImpl pooled thread 116] INFO  com.browserstack.utils.Helpers - null
12:51:29.749 [ApplicationImpl pooled thread 116] INFO  c.b.l.BrowserStackRunExtension - Agent path: null
12:52:13.684 [ApplicationImpl pooled thread 123] INFO  c.b.l.BrowserStackRunExtension - cucumber java
12:52:13.685 [ApplicationImpl pooled thread 123] INFO  com.browserstack.utils.Helpers - null
12:52:13.687 [ApplicationImpl pooled thread 123] INFO  c.b.l.BrowserStackRunExtension - Agent path: null
12:54:35.714 [ApplicationImpl pooled thread 134] INFO  c.b.l.BrowserStackRunExtension - cucumber java
12:54:35.714 [ApplicationImpl pooled thread 134] INFO  com.browserstack.utils.Helpers - null
12:54:35.716 [ApplicationImpl pooled thread 134] INFO  c.b.l.BrowserStackRunExtension - Agent path: null
13:01:24.364 [ApplicationImpl pooled thread 141] INFO  c.b.l.BrowserStackRunExtension - cucumber java
13:01:24.364 [ApplicationImpl pooled thread 141] INFO  com.browserstack.utils.Helpers - null
13:01:24.365 [ApplicationImpl pooled thread 141] INFO  c.b.l.BrowserStackRunExtension - Agent path: null
13:02:39.963 [ApplicationImpl pooled thread 142] INFO  c.b.l.BrowserStackRunExtension - cucumber java
13:02:39.963 [ApplicationImpl pooled thread 142] INFO  com.browserstack.utils.Helpers - null
13:02:39.965 [ApplicationImpl pooled thread 142] INFO  c.b.l.BrowserStackRunExtension - Agent path: null
13:16:21.844 [ApplicationImpl pooled thread 168] INFO  c.b.l.BrowserStackRunExtension - cucumber java
13:16:21.844 [ApplicationImpl pooled thread 168] INFO  com.browserstack.utils.Helpers - null
13:16:21.845 [ApplicationImpl pooled thread 168] INFO  c.b.l.BrowserStackRunExtension - Agent path: null
13:23:52.704 [ApplicationImpl pooled thread 170] INFO  c.b.l.BrowserStackRunExtension - cucumber java
13:23:52.705 [ApplicationImpl pooled thread 170] INFO  com.browserstack.utils.Helpers - null
13:23:52.706 [ApplicationImpl pooled thread 170] INFO  c.b.l.BrowserStackRunExtension - Agent path: null
13:25:05.960 [ApplicationImpl pooled thread 172] INFO  c.b.l.BrowserStackRunExtension - cucumber java
13:25:05.960 [ApplicationImpl pooled thread 172] INFO  com.browserstack.utils.Helpers - null
13:25:05.962 [ApplicationImpl pooled thread 172] INFO  c.b.l.BrowserStackRunExtension - Agent path: null
13:30:59.713 [ApplicationImpl pooled thread 183] INFO  c.b.l.BrowserStackRunExtension - cucumber java
13:30:59.713 [ApplicationImpl pooled thread 183] INFO  com.browserstack.utils.Helpers - null
13:30:59.714 [ApplicationImpl pooled thread 183] INFO  c.b.l.BrowserStackRunExtension - Agent path: null
13:33:36.209 [ApplicationImpl pooled thread 180] INFO  c.b.l.BrowserStackRunExtension - cucumber java
13:33:36.209 [ApplicationImpl pooled thread 180] INFO  com.browserstack.utils.Helpers - null
13:33:36.210 [ApplicationImpl pooled thread 180] INFO  c.b.l.BrowserStackRunExtension - Agent path: null
13:35:13.612 [ApplicationImpl pooled thread 194] INFO  c.b.l.BrowserStackRunExtension - cucumber java
13:35:13.612 [ApplicationImpl pooled thread 194] INFO  com.browserstack.utils.Helpers - null
13:35:13.614 [ApplicationImpl pooled thread 194] INFO  c.b.l.BrowserStackRunExtension - Agent path: null
13:36:38.576 [ApplicationImpl pooled thread 196] INFO  c.b.l.BrowserStackRunExtension - cucumber java
13:36:38.576 [ApplicationImpl pooled thread 196] INFO  com.browserstack.utils.Helpers - null
13:36:38.577 [ApplicationImpl pooled thread 196] INFO  c.b.l.BrowserStackRunExtension - Agent path: null
13:39:37.835 [ApplicationImpl pooled thread 204] INFO  c.b.l.BrowserStackRunExtension - cucumber java
13:39:37.835 [ApplicationImpl pooled thread 204] INFO  com.browserstack.utils.Helpers - null
13:39:37.837 [ApplicationImpl pooled thread 204] INFO  c.b.l.BrowserStackRunExtension - Agent path: null
13:41:34.225 [ApplicationImpl pooled thread 212] INFO  c.b.l.BrowserStackRunExtension - cucumber java
13:41:34.225 [ApplicationImpl pooled thread 212] INFO  com.browserstack.utils.Helpers - null
13:41:34.226 [ApplicationImpl pooled thread 212] INFO  c.b.l.BrowserStackRunExtension - Agent path: null
13:42:35.543 [ApplicationImpl pooled thread 213] INFO  c.b.l.BrowserStackRunExtension - cucumber java
13:42:35.544 [ApplicationImpl pooled thread 213] INFO  com.browserstack.utils.Helpers - null
13:42:35.545 [ApplicationImpl pooled thread 213] INFO  c.b.l.BrowserStackRunExtension - Agent path: null
13:43:58.793 [ApplicationImpl pooled thread 194] INFO  c.b.l.BrowserStackRunExtension - cucumber java
13:43:58.793 [ApplicationImpl pooled thread 194] INFO  com.browserstack.utils.Helpers - null
13:43:58.795 [ApplicationImpl pooled thread 194] INFO  c.b.l.BrowserStackRunExtension - Agent path: null
13:46:10.633 [ApplicationImpl pooled thread 221] INFO  c.b.l.BrowserStackRunExtension - cucumber java
13:46:10.633 [ApplicationImpl pooled thread 221] INFO  com.browserstack.utils.Helpers - null
13:46:10.636 [ApplicationImpl pooled thread 221] INFO  c.b.l.BrowserStackRunExtension - Agent path: null
13:56:18.854 [ApplicationImpl pooled thread 240] INFO  c.b.l.BrowserStackRunExtension - cucumber java
13:56:18.854 [ApplicationImpl pooled thread 240] INFO  com.browserstack.utils.Helpers - null
13:56:18.856 [ApplicationImpl pooled thread 240] INFO  c.b.l.BrowserStackRunExtension - Agent path: null
14:00:20.350 [ApplicationImpl pooled thread 250] INFO  c.b.l.BrowserStackRunExtension - cucumber java
14:00:20.350 [ApplicationImpl pooled thread 250] INFO  com.browserstack.utils.Helpers - null
14:00:20.352 [ApplicationImpl pooled thread 250] INFO  c.b.l.BrowserStackRunExtension - Agent path: null
14:02:19.104 [ApplicationImpl pooled thread 245] INFO  c.b.l.BrowserStackRunExtension - cucumber java
14:02:19.104 [ApplicationImpl pooled thread 245] INFO  com.browserstack.utils.Helpers - null
14:02:19.106 [ApplicationImpl pooled thread 245] INFO  c.b.l.BrowserStackRunExtension - Agent path: null
14:03:57.923 [ApplicationImpl pooled thread 251] INFO  c.b.l.BrowserStackRunExtension - cucumber java
14:03:57.923 [ApplicationImpl pooled thread 251] INFO  com.browserstack.utils.Helpers - null
14:03:57.924 [ApplicationImpl pooled thread 251] INFO  c.b.l.BrowserStackRunExtension - Agent path: null
14:18:12.514 [ApplicationImpl pooled thread 289] INFO  c.b.l.BrowserStackRunExtension - cucumber java
14:18:12.514 [ApplicationImpl pooled thread 289] INFO  com.browserstack.utils.Helpers - null
14:18:12.516 [ApplicationImpl pooled thread 289] INFO  c.b.l.BrowserStackRunExtension - Agent path: null
14:43:53.813 [ApplicationImpl pooled thread 308] INFO  c.b.l.BrowserStackRunExtension - cucumber java
14:43:53.813 [ApplicationImpl pooled thread 308] INFO  com.browserstack.utils.Helpers - null
14:43:53.815 [ApplicationImpl pooled thread 308] INFO  c.b.l.BrowserStackRunExtension - Agent path: null
14:50:29.587 [ApplicationImpl pooled thread 315] INFO  c.b.l.BrowserStackRunExtension - cucumber java
14:50:29.587 [ApplicationImpl pooled thread 315] INFO  com.browserstack.utils.Helpers - null
14:50:29.588 [ApplicationImpl pooled thread 315] INFO  c.b.l.BrowserStackRunExtension - Agent path: null
14:56:42.205 [ApplicationImpl pooled thread 331] INFO  c.b.l.BrowserStackRunExtension - cucumber java
14:56:42.205 [ApplicationImpl pooled thread 331] INFO  com.browserstack.utils.Helpers - null
14:56:42.206 [ApplicationImpl pooled thread 331] INFO  c.b.l.BrowserStackRunExtension - Agent path: null
14:59:09.229 [ApplicationImpl pooled thread 337] INFO  c.b.l.BrowserStackRunExtension - cucumber java
14:59:09.230 [ApplicationImpl pooled thread 337] INFO  com.browserstack.utils.Helpers - null
14:59:09.231 [ApplicationImpl pooled thread 337] INFO  c.b.l.BrowserStackRunExtension - Agent path: null
15:02:52.716 [ApplicationImpl pooled thread 344] INFO  c.b.l.BrowserStackRunExtension - cucumber java
15:02:52.716 [ApplicationImpl pooled thread 344] INFO  com.browserstack.utils.Helpers - null
15:02:52.718 [ApplicationImpl pooled thread 344] INFO  c.b.l.BrowserStackRunExtension - Agent path: null
15:05:16.037 [ApplicationImpl pooled thread 353] INFO  c.b.l.BrowserStackRunExtension - cucumber java
15:05:16.037 [ApplicationImpl pooled thread 353] INFO  com.browserstack.utils.Helpers - null
15:05:16.040 [ApplicationImpl pooled thread 353] INFO  c.b.l.BrowserStackRunExtension - Agent path: null
15:05:59.987 [ApplicationImpl pooled thread 349] INFO  c.b.l.BrowserStackRunExtension - cucumber java
15:05:59.988 [ApplicationImpl pooled thread 349] INFO  com.browserstack.utils.Helpers - null
15:05:59.989 [ApplicationImpl pooled thread 349] INFO  c.b.l.BrowserStackRunExtension - Agent path: null
15:29:45.977 [ApplicationImpl pooled thread 370] INFO  c.b.l.BrowserStackRunExtension - cucumber java
15:29:45.977 [ApplicationImpl pooled thread 370] INFO  com.browserstack.utils.Helpers - null
15:29:45.980 [ApplicationImpl pooled thread 370] INFO  c.b.l.BrowserStackRunExtension - Agent path: null
15:35:56.046 [ApplicationImpl pooled thread 383] INFO  c.b.l.BrowserStackRunExtension - cucumber java
15:35:56.046 [ApplicationImpl pooled thread 383] INFO  com.browserstack.utils.Helpers - null
15:35:56.047 [ApplicationImpl pooled thread 383] INFO  c.b.l.BrowserStackRunExtension - Agent path: null
00:01:24.454 [ApplicationImpl pooled thread 488] INFO  c.b.l.BrowserStackRunExtension - cucumber java
00:01:24.454 [ApplicationImpl pooled thread 488] INFO  com.browserstack.utils.Helpers - null
00:01:24.455 [ApplicationImpl pooled thread 488] INFO  c.b.l.BrowserStackRunExtension - Agent path: null
00:04:48.003 [ApplicationImpl pooled thread 495] INFO  c.b.l.BrowserStackRunExtension - cucumber java
00:04:48.003 [ApplicationImpl pooled thread 495] INFO  com.browserstack.utils.Helpers - null
00:04:48.005 [ApplicationImpl pooled thread 495] INFO  c.b.l.BrowserStackRunExtension - Agent path: null
00:08:01.801 [ApplicationImpl pooled thread 510] INFO  c.b.l.BrowserStackRunExtension - cucumber java
00:08:01.802 [ApplicationImpl pooled thread 510] INFO  com.browserstack.utils.Helpers - null
00:08:01.803 [ApplicationImpl pooled thread 510] INFO  c.b.l.BrowserStackRunExtension - Agent path: null
00:14:10.911 [ApplicationImpl pooled thread 520] INFO  c.b.l.BrowserStackRunExtension - cucumber java
00:14:10.912 [ApplicationImpl pooled thread 520] INFO  com.browserstack.utils.Helpers - null
00:14:10.912 [ApplicationImpl pooled thread 520] INFO  c.b.l.BrowserStackRunExtension - Agent path: null
00:14:47.782 [ApplicationImpl pooled thread 525] INFO  c.b.l.BrowserStackRunExtension - cucumber java
00:14:47.783 [ApplicationImpl pooled thread 525] INFO  com.browserstack.utils.Helpers - null
00:14:47.785 [ApplicationImpl pooled thread 525] INFO  c.b.l.BrowserStackRunExtension - Agent path: null
00:17:01.088 [ApplicationImpl pooled thread 524] INFO  c.b.l.BrowserStackRunExtension - cucumber java
00:17:01.089 [ApplicationImpl pooled thread 524] INFO  com.browserstack.utils.Helpers - null
00:17:01.091 [ApplicationImpl pooled thread 524] INFO  c.b.l.BrowserStackRunExtension - Agent path: null
00:18:37.446 [ApplicationImpl pooled thread 524] INFO  c.b.l.BrowserStackRunExtension - cucumber java
00:18:37.447 [ApplicationImpl pooled thread 524] INFO  com.browserstack.utils.Helpers - null
00:18:37.448 [ApplicationImpl pooled thread 524] INFO  c.b.l.BrowserStackRunExtension - Agent path: null
00:18:48.995 [ApplicationImpl pooled thread 526] INFO  c.b.l.BrowserStackRunExtension - cucumber java
00:18:48.995 [ApplicationImpl pooled thread 526] INFO  com.browserstack.utils.Helpers - null
00:18:48.996 [ApplicationImpl pooled thread 526] INFO  c.b.l.BrowserStackRunExtension - Agent path: null
00:21:52.166 [ApplicationImpl pooled thread 523] INFO  c.b.l.BrowserStackRunExtension - cucumber java
00:21:52.166 [ApplicationImpl pooled thread 523] INFO  com.browserstack.utils.Helpers - null
00:21:52.167 [ApplicationImpl pooled thread 523] INFO  c.b.l.BrowserStackRunExtension - Agent path: null
00:22:02.652 [ApplicationImpl pooled thread 531] INFO  c.b.l.BrowserStackRunExtension - cucumber java
00:22:02.653 [ApplicationImpl pooled thread 531] INFO  com.browserstack.utils.Helpers - null
00:22:02.656 [ApplicationImpl pooled thread 531] INFO  c.b.l.BrowserStackRunExtension - Agent path: null
00:26:18.076 [ApplicationImpl pooled thread 534] INFO  c.b.l.BrowserStackRunExtension - cucumber java
00:26:18.077 [ApplicationImpl pooled thread 534] INFO  com.browserstack.utils.Helpers - null
00:26:18.079 [ApplicationImpl pooled thread 534] INFO  c.b.l.BrowserStackRunExtension - Agent path: null
00:33:07.585 [ApplicationImpl pooled thread 549] INFO  c.b.l.BrowserStackRunExtension - cucumber java
00:33:07.585 [ApplicationImpl pooled thread 549] INFO  com.browserstack.utils.Helpers - null
00:33:07.586 [ApplicationImpl pooled thread 549] INFO  c.b.l.BrowserStackRunExtension - Agent path: null
00:35:10.020 [ApplicationImpl pooled thread 562] INFO  c.b.l.BrowserStackRunExtension - cucumber java
00:35:10.021 [ApplicationImpl pooled thread 562] INFO  com.browserstack.utils.Helpers - null
00:35:10.022 [ApplicationImpl pooled thread 562] INFO  c.b.l.BrowserStackRunExtension - Agent path: null
00:37:23.628 [ApplicationImpl pooled thread 568] INFO  c.b.l.BrowserStackRunExtension - cucumber java
00:37:23.628 [ApplicationImpl pooled thread 568] INFO  com.browserstack.utils.Helpers - null
00:37:23.630 [ApplicationImpl pooled thread 568] INFO  c.b.l.BrowserStackRunExtension - Agent path: null
00:40:30.107 [ApplicationImpl pooled thread 575] INFO  c.b.l.BrowserStackRunExtension - cucumber java
00:40:30.107 [ApplicationImpl pooled thread 575] INFO  com.browserstack.utils.Helpers - null
00:40:30.109 [ApplicationImpl pooled thread 575] INFO  c.b.l.BrowserStackRunExtension - Agent path: null
00:44:17.615 [ApplicationImpl pooled thread 570] INFO  c.b.l.BrowserStackRunExtension - cucumber java
00:44:17.616 [ApplicationImpl pooled thread 570] INFO  com.browserstack.utils.Helpers - null
00:44:17.617 [ApplicationImpl pooled thread 570] INFO  c.b.l.BrowserStackRunExtension - Agent path: null
00:45:59.773 [ApplicationImpl pooled thread 579] INFO  c.b.l.BrowserStackRunExtension - cucumber java
00:45:59.774 [ApplicationImpl pooled thread 579] INFO  com.browserstack.utils.Helpers - null
00:45:59.774 [ApplicationImpl pooled thread 579] INFO  c.b.l.BrowserStackRunExtension - Agent path: null
00:48:08.776 [ApplicationImpl pooled thread 586] INFO  c.b.l.BrowserStackRunExtension - cucumber java
00:48:08.777 [ApplicationImpl pooled thread 586] INFO  com.browserstack.utils.Helpers - null
00:48:08.778 [ApplicationImpl pooled thread 586] INFO  c.b.l.BrowserStackRunExtension - Agent path: null
00:49:35.480 [ApplicationImpl pooled thread 587] INFO  c.b.l.BrowserStackRunExtension - cucumber java
00:49:35.481 [ApplicationImpl pooled thread 587] INFO  com.browserstack.utils.Helpers - null
00:49:35.481 [ApplicationImpl pooled thread 587] INFO  c.b.l.BrowserStackRunExtension - Agent path: null
00:53:24.732 [ApplicationImpl pooled thread 594] INFO  c.b.l.BrowserStackRunExtension - cucumber java
00:53:24.733 [ApplicationImpl pooled thread 594] INFO  com.browserstack.utils.Helpers - null
00:53:24.737 [ApplicationImpl pooled thread 594] INFO  c.b.l.BrowserStackRunExtension - Agent path: null
00:55:51.162 [ApplicationImpl pooled thread 597] INFO  c.b.l.BrowserStackRunExtension - cucumber java
00:55:51.163 [ApplicationImpl pooled thread 597] INFO  com.browserstack.utils.Helpers - null
00:55:51.167 [ApplicationImpl pooled thread 597] INFO  c.b.l.BrowserStackRunExtension - Agent path: null
01:00:50.107 [ApplicationImpl pooled thread 610] INFO  c.b.l.BrowserStackRunExtension - cucumber java
01:00:50.107 [ApplicationImpl pooled thread 610] INFO  com.browserstack.utils.Helpers - null
01:00:50.108 [ApplicationImpl pooled thread 610] INFO  c.b.l.BrowserStackRunExtension - Agent path: null
01:02:12.642 [ApplicationImpl pooled thread 614] INFO  c.b.l.BrowserStackRunExtension - cucumber java
01:02:12.642 [ApplicationImpl pooled thread 614] INFO  com.browserstack.utils.Helpers - null
01:02:12.643 [ApplicationImpl pooled thread 614] INFO  c.b.l.BrowserStackRunExtension - Agent path: null
01:02:54.477 [ApplicationImpl pooled thread 620] INFO  c.b.l.BrowserStackRunExtension - cucumber java
01:02:54.477 [ApplicationImpl pooled thread 620] INFO  com.browserstack.utils.Helpers - null
01:02:54.479 [ApplicationImpl pooled thread 620] INFO  c.b.l.BrowserStackRunExtension - Agent path: null
01:06:16.151 [ApplicationImpl pooled thread 629] INFO  c.b.l.BrowserStackRunExtension - cucumber java
01:06:16.151 [ApplicationImpl pooled thread 629] INFO  com.browserstack.utils.Helpers - null
01:06:16.152 [ApplicationImpl pooled thread 629] INFO  c.b.l.BrowserStackRunExtension - Agent path: null
01:06:33.739 [ApplicationImpl pooled thread 625] INFO  c.b.l.BrowserStackRunExtension - cucumber java
01:06:33.740 [ApplicationImpl pooled thread 625] INFO  com.browserstack.utils.Helpers - null
01:06:33.741 [ApplicationImpl pooled thread 625] INFO  c.b.l.BrowserStackRunExtension - Agent path: null
01:06:56.234 [ApplicationImpl pooled thread 629] INFO  c.b.l.BrowserStackRunExtension - cucumber java
01:06:56.236 [ApplicationImpl pooled thread 629] INFO  com.browserstack.utils.Helpers - null
01:06:56.237 [ApplicationImpl pooled thread 629] INFO  c.b.l.BrowserStackRunExtension - Agent path: null
09:55:44.624 [ApplicationImpl pooled thread 14] INFO  c.b.l.BrowserStackRunExtension - cucumber java
09:55:44.626 [ApplicationImpl pooled thread 14] INFO  com.browserstack.utils.Helpers - null
09:55:44.627 [ApplicationImpl pooled thread 14] INFO  c.b.l.BrowserStackRunExtension - Agent path: null
10:02:12.878 [ApplicationImpl pooled thread 30] INFO  c.b.l.BrowserStackRunExtension - cucumber java
10:02:12.879 [ApplicationImpl pooled thread 30] INFO  com.browserstack.utils.Helpers - null
10:02:12.881 [ApplicationImpl pooled thread 30] INFO  c.b.l.BrowserStackRunExtension - Agent path: null
10:17:50.782 [ApplicationImpl pooled thread 33] INFO  c.b.l.BrowserStackRunExtension - cucumber java
10:17:50.782 [ApplicationImpl pooled thread 33] INFO  com.browserstack.utils.Helpers - null
10:17:50.783 [ApplicationImpl pooled thread 33] INFO  c.b.l.BrowserStackRunExtension - Agent path: null
11:03:25.208 [ApplicationImpl pooled thread 55] INFO  c.b.l.BrowserStackRunExtension - cucumber java
11:03:25.208 [ApplicationImpl pooled thread 55] INFO  com.browserstack.utils.Helpers - null
11:03:25.210 [ApplicationImpl pooled thread 55] INFO  c.b.l.BrowserStackRunExtension - Agent path: null
11:23:05.474 [ApplicationImpl pooled thread 61] INFO  c.b.l.BrowserStackRunExtension - cucumber java
11:23:05.475 [ApplicationImpl pooled thread 61] INFO  com.browserstack.utils.Helpers - null
11:23:05.477 [ApplicationImpl pooled thread 61] INFO  c.b.l.BrowserStackRunExtension - Agent path: null
11:29:40.210 [ApplicationImpl pooled thread 72] INFO  c.b.l.BrowserStackRunExtension - cucumber java
11:29:40.210 [ApplicationImpl pooled thread 72] INFO  com.browserstack.utils.Helpers - null
11:29:40.212 [ApplicationImpl pooled thread 72] INFO  c.b.l.BrowserStackRunExtension - Agent path: null
11:32:30.065 [ApplicationImpl pooled thread 74] INFO  c.b.l.BrowserStackRunExtension - cucumber java
11:32:30.065 [ApplicationImpl pooled thread 74] INFO  com.browserstack.utils.Helpers - null
11:32:30.067 [ApplicationImpl pooled thread 74] INFO  c.b.l.BrowserStackRunExtension - Agent path: null
16:06:46.049 [ApplicationImpl pooled thread 1121] INFO  c.b.l.BrowserStackRunExtension - cucumber java
16:06:46.050 [ApplicationImpl pooled thread 1121] INFO  com.browserstack.utils.Helpers - null
16:06:46.051 [ApplicationImpl pooled thread 1121] INFO  c.b.l.BrowserStackRunExtension - Agent path: null
16:08:53.861 [ApplicationImpl pooled thread 1126] INFO  c.b.l.BrowserStackRunExtension - cucumber java
16:08:53.862 [ApplicationImpl pooled thread 1126] INFO  com.browserstack.utils.Helpers - null
16:08:53.862 [ApplicationImpl pooled thread 1126] INFO  c.b.l.BrowserStackRunExtension - Agent path: null
16:11:13.079 [ApplicationImpl pooled thread 1133] INFO  c.b.l.BrowserStackRunExtension - cucumber java
16:11:13.079 [ApplicationImpl pooled thread 1133] INFO  com.browserstack.utils.Helpers - null
16:11:13.081 [ApplicationImpl pooled thread 1133] INFO  c.b.l.BrowserStackRunExtension - Agent path: null
16:12:57.463 [ApplicationImpl pooled thread 1127] INFO  c.b.l.BrowserStackRunExtension - cucumber java
16:12:57.463 [ApplicationImpl pooled thread 1127] INFO  com.browserstack.utils.Helpers - null
16:12:57.464 [ApplicationImpl pooled thread 1127] INFO  c.b.l.BrowserStackRunExtension - Agent path: null
16:14:28.682 [ApplicationImpl pooled thread 1131] INFO  c.b.l.BrowserStackRunExtension - cucumber java
16:14:28.682 [ApplicationImpl pooled thread 1131] INFO  com.browserstack.utils.Helpers - null
16:14:28.683 [ApplicationImpl pooled thread 1131] INFO  c.b.l.BrowserStackRunExtension - Agent path: null
16:22:25.953 [ApplicationImpl pooled thread 1143] INFO  c.b.l.BrowserStackRunExtension - cucumber java
16:22:25.953 [ApplicationImpl pooled thread 1143] INFO  com.browserstack.utils.Helpers - null
16:22:25.956 [ApplicationImpl pooled thread 1143] INFO  c.b.l.BrowserStackRunExtension - Agent path: null
16:26:33.657 [ApplicationImpl pooled thread 1146] INFO  c.b.l.BrowserStackRunExtension - cucumber java
16:26:33.657 [ApplicationImpl pooled thread 1146] INFO  com.browserstack.utils.Helpers - null
16:26:33.658 [ApplicationImpl pooled thread 1146] INFO  c.b.l.BrowserStackRunExtension - Agent path: null
16:41:08.522 [ApplicationImpl pooled thread 1171] INFO  c.b.l.BrowserStackRunExtension - cucumber java
16:41:08.523 [ApplicationImpl pooled thread 1171] INFO  com.browserstack.utils.Helpers - null
16:41:08.525 [ApplicationImpl pooled thread 1171] INFO  c.b.l.BrowserStackRunExtension - Agent path: null
16:43:42.743 [ApplicationImpl pooled thread 1163] INFO  c.b.l.BrowserStackRunExtension - cucumber java
16:43:42.743 [ApplicationImpl pooled thread 1163] INFO  com.browserstack.utils.Helpers - null
16:43:42.744 [ApplicationImpl pooled thread 1163] INFO  c.b.l.BrowserStackRunExtension - Agent path: null
16:43:55.958 [ApplicationImpl pooled thread 1168] INFO  c.b.l.BrowserStackRunExtension - cucumber java
16:43:55.958 [ApplicationImpl pooled thread 1168] INFO  com.browserstack.utils.Helpers - null
16:43:55.960 [ApplicationImpl pooled thread 1168] INFO  c.b.l.BrowserStackRunExtension - Agent path: null
16:54:06.065 [ApplicationImpl pooled thread 1178] INFO  c.b.l.BrowserStackRunExtension - cucumber java
16:54:06.065 [ApplicationImpl pooled thread 1178] INFO  com.browserstack.utils.Helpers - null
16:54:06.066 [ApplicationImpl pooled thread 1178] INFO  c.b.l.BrowserStackRunExtension - Agent path: null
16:58:13.795 [ApplicationImpl pooled thread 1192] INFO  c.b.l.BrowserStackRunExtension - cucumber java
16:58:13.795 [ApplicationImpl pooled thread 1192] INFO  com.browserstack.utils.Helpers - null
16:58:13.797 [ApplicationImpl pooled thread 1192] INFO  c.b.l.BrowserStackRunExtension - Agent path: null
17:17:48.898 [ApplicationImpl pooled thread 1204] INFO  c.b.l.BrowserStackRunExtension - cucumber java
17:17:48.898 [ApplicationImpl pooled thread 1204] INFO  com.browserstack.utils.Helpers - null
17:17:48.899 [ApplicationImpl pooled thread 1204] INFO  c.b.l.BrowserStackRunExtension - Agent path: null
17:22:26.339 [ApplicationImpl pooled thread 1219] INFO  c.b.l.BrowserStackRunExtension - cucumber java
17:22:26.339 [ApplicationImpl pooled thread 1219] INFO  com.browserstack.utils.Helpers - null
17:22:26.341 [ApplicationImpl pooled thread 1219] INFO  c.b.l.BrowserStackRunExtension - Agent path: null
17:27:29.232 [ApplicationImpl pooled thread 1224] INFO  c.b.l.BrowserStackRunExtension - cucumber java
17:27:29.232 [ApplicationImpl pooled thread 1224] INFO  com.browserstack.utils.Helpers - null
17:27:29.233 [ApplicationImpl pooled thread 1224] INFO  c.b.l.BrowserStackRunExtension - Agent path: null
17:32:13.139 [ApplicationImpl pooled thread 1235] INFO  c.b.l.BrowserStackRunExtension - cucumber java
17:32:13.139 [ApplicationImpl pooled thread 1235] INFO  com.browserstack.utils.Helpers - null
17:32:13.142 [ApplicationImpl pooled thread 1235] INFO  c.b.l.BrowserStackRunExtension - Agent path: null
17:35:12.016 [ApplicationImpl pooled thread 1241] INFO  c.b.l.BrowserStackRunExtension - cucumber java
17:35:12.016 [ApplicationImpl pooled thread 1241] INFO  com.browserstack.utils.Helpers - null
17:35:12.018 [ApplicationImpl pooled thread 1241] INFO  c.b.l.BrowserStackRunExtension - Agent path: null
17:40:27.842 [ApplicationImpl pooled thread 1248] INFO  c.b.l.BrowserStackRunExtension - cucumber java
17:40:27.842 [ApplicationImpl pooled thread 1248] INFO  com.browserstack.utils.Helpers - null
17:40:27.844 [ApplicationImpl pooled thread 1248] INFO  c.b.l.BrowserStackRunExtension - Agent path: null
17:41:04.598 [ApplicationImpl pooled thread 1244] INFO  c.b.l.BrowserStackRunExtension - cucumber java
17:41:04.598 [ApplicationImpl pooled thread 1244] INFO  com.browserstack.utils.Helpers - null
17:41:04.600 [ApplicationImpl pooled thread 1244] INFO  c.b.l.BrowserStackRunExtension - Agent path: null
17:42:53.092 [ApplicationImpl pooled thread 1248] INFO  c.b.l.BrowserStackRunExtension - cucumber java
17:42:53.093 [ApplicationImpl pooled thread 1248] INFO  com.browserstack.utils.Helpers - null
17:42:53.095 [ApplicationImpl pooled thread 1248] INFO  c.b.l.BrowserStackRunExtension - Agent path: null
17:44:02.840 [ApplicationImpl pooled thread 1251] INFO  c.b.l.BrowserStackRunExtension - cucumber java
17:44:02.841 [ApplicationImpl pooled thread 1251] INFO  com.browserstack.utils.Helpers - null
17:44:02.842 [ApplicationImpl pooled thread 1251] INFO  c.b.l.BrowserStackRunExtension - Agent path: null
14:11:53.062 [ApplicationImpl pooled thread 1372] INFO  c.b.l.BrowserStackRunExtension - cucumber java
14:11:53.062 [ApplicationImpl pooled thread 1372] INFO  com.browserstack.utils.Helpers - null
14:11:53.064 [ApplicationImpl pooled thread 1372] INFO  c.b.l.BrowserStackRunExtension - Agent path: null
14:12:55.453 [ApplicationImpl pooled thread 1372] INFO  c.b.l.BrowserStackRunExtension - cucumber java
14:12:55.453 [ApplicationImpl pooled thread 1372] INFO  com.browserstack.utils.Helpers - null
14:12:55.456 [ApplicationImpl pooled thread 1372] INFO  c.b.l.BrowserStackRunExtension - Agent path: null
14:17:37.806 [ApplicationImpl pooled thread 1383] INFO  c.b.l.BrowserStackRunExtension - cucumber java
14:17:37.806 [ApplicationImpl pooled thread 1383] INFO  com.browserstack.utils.Helpers - null
14:17:37.808 [ApplicationImpl pooled thread 1383] INFO  c.b.l.BrowserStackRunExtension - Agent path: null
14:19:00.518 [ApplicationImpl pooled thread 1385] INFO  c.b.l.BrowserStackRunExtension - cucumber java
14:19:00.518 [ApplicationImpl pooled thread 1385] INFO  com.browserstack.utils.Helpers - null
14:19:00.521 [ApplicationImpl pooled thread 1385] INFO  c.b.l.BrowserStackRunExtension - Agent path: null
14:20:22.555 [ApplicationImpl pooled thread 1388] INFO  c.b.l.BrowserStackRunExtension - cucumber java
14:20:22.555 [ApplicationImpl pooled thread 1388] INFO  com.browserstack.utils.Helpers - null
14:20:22.556 [ApplicationImpl pooled thread 1388] INFO  c.b.l.BrowserStackRunExtension - Agent path: null
14:34:01.054 [ApplicationImpl pooled thread 1395] INFO  c.b.l.BrowserStackRunExtension - cucumber java
14:34:01.054 [ApplicationImpl pooled thread 1395] INFO  com.browserstack.utils.Helpers - null
14:34:01.056 [ApplicationImpl pooled thread 1395] INFO  c.b.l.BrowserStackRunExtension - Agent path: null
14:37:58.922 [ApplicationImpl pooled thread 1401] INFO  c.b.l.BrowserStackRunExtension - cucumber java
14:37:58.922 [ApplicationImpl pooled thread 1401] INFO  com.browserstack.utils.Helpers - null
14:37:58.924 [ApplicationImpl pooled thread 1401] INFO  c.b.l.BrowserStackRunExtension - Agent path: null
14:39:41.856 [ApplicationImpl pooled thread 1411] INFO  c.b.l.BrowserStackRunExtension - cucumber java
14:39:41.856 [ApplicationImpl pooled thread 1411] INFO  com.browserstack.utils.Helpers - null
14:39:41.857 [ApplicationImpl pooled thread 1411] INFO  c.b.l.BrowserStackRunExtension - Agent path: null
16:02:28.084 [ApplicationImpl pooled thread 1475] INFO  c.b.l.BrowserStackRunExtension - cucumber java
16:02:28.084 [ApplicationImpl pooled thread 1475] INFO  com.browserstack.utils.Helpers - null
16:02:28.087 [ApplicationImpl pooled thread 1475] INFO  c.b.l.BrowserStackRunExtension - Agent path: null
11:11:07.559 [ApplicationImpl pooled thread 39] INFO  c.b.l.BrowserStackRunExtension - cucumber java
11:11:07.561 [ApplicationImpl pooled thread 39] INFO  com.browserstack.utils.Helpers - null
11:11:07.562 [ApplicationImpl pooled thread 39] INFO  c.b.l.BrowserStackRunExtension - Agent path: null
17:00:56.363 [ApplicationImpl pooled thread 448] INFO  c.b.l.BrowserStackRunExtension - cucumber java
17:00:56.363 [ApplicationImpl pooled thread 448] INFO  com.browserstack.utils.Helpers - null
17:00:56.364 [ApplicationImpl pooled thread 448] INFO  c.b.l.BrowserStackRunExtension - Agent path: null
12:32:13.090 [ApplicationImpl pooled thread 167] INFO  c.b.l.BrowserStackRunExtension - cucumber java
12:32:13.090 [ApplicationImpl pooled thread 167] INFO  com.browserstack.utils.Helpers - null
12:32:13.091 [ApplicationImpl pooled thread 167] INFO  c.b.l.BrowserStackRunExtension - Agent path: null
13:00:37.145 [ApplicationImpl pooled thread 152] INFO  c.b.l.BrowserStackRunExtension - cucumber java
13:00:37.145 [ApplicationImpl pooled thread 152] INFO  com.browserstack.utils.Helpers - null
13:00:37.147 [ApplicationImpl pooled thread 152] INFO  c.b.l.BrowserStackRunExtension - Agent path: null
13:01:21.028 [ApplicationImpl pooled thread 152] INFO  c.b.l.BrowserStackRunExtension - cucumber java
13:01:21.028 [ApplicationImpl pooled thread 152] INFO  com.browserstack.utils.Helpers - null
13:01:21.030 [ApplicationImpl pooled thread 152] INFO  c.b.l.BrowserStackRunExtension - Agent path: null
13:32:34.269 [ApplicationImpl pooled thread 201] INFO  c.b.l.BrowserStackRunExtension - cucumber java
13:32:34.269 [ApplicationImpl pooled thread 201] INFO  com.browserstack.utils.Helpers - null
13:32:34.271 [ApplicationImpl pooled thread 201] INFO  c.b.l.BrowserStackRunExtension - Agent path: null
14:17:15.398 [ApplicationImpl pooled thread 221] INFO  c.b.l.BrowserStackRunExtension - cucumber java
14:17:15.398 [ApplicationImpl pooled thread 221] INFO  com.browserstack.utils.Helpers - null
14:17:15.399 [ApplicationImpl pooled thread 221] INFO  c.b.l.BrowserStackRunExtension - Agent path: null
14:18:10.005 [ApplicationImpl pooled thread 218] INFO  c.b.l.BrowserStackRunExtension - cucumber java
14:18:10.005 [ApplicationImpl pooled thread 218] INFO  com.browserstack.utils.Helpers - null
14:18:10.007 [ApplicationImpl pooled thread 218] INFO  c.b.l.BrowserStackRunExtension - Agent path: null
14:19:30.856 [ApplicationImpl pooled thread 220] INFO  c.b.l.BrowserStackRunExtension - cucumber java
14:19:30.856 [ApplicationImpl pooled thread 220] INFO  com.browserstack.utils.Helpers - null
14:19:30.858 [ApplicationImpl pooled thread 220] INFO  c.b.l.BrowserStackRunExtension - Agent path: null
14:20:15.762 [ApplicationImpl pooled thread 224] INFO  c.b.l.BrowserStackRunExtension - cucumber java
14:20:15.763 [ApplicationImpl pooled thread 224] INFO  com.browserstack.utils.Helpers - null
14:20:15.765 [ApplicationImpl pooled thread 224] INFO  c.b.l.BrowserStackRunExtension - Agent path: null
14:47:58.712 [ApplicationImpl pooled thread 240] INFO  c.b.l.BrowserStackRunExtension - cucumber java
14:47:58.713 [ApplicationImpl pooled thread 240] INFO  com.browserstack.utils.Helpers - null
14:47:58.714 [ApplicationImpl pooled thread 240] INFO  c.b.l.BrowserStackRunExtension - Agent path: null
14:48:41.638 [ApplicationImpl pooled thread 241] INFO  c.b.l.BrowserStackRunExtension - cucumber java
14:48:41.638 [ApplicationImpl pooled thread 241] INFO  com.browserstack.utils.Helpers - null
14:48:41.641 [ApplicationImpl pooled thread 241] INFO  c.b.l.BrowserStackRunExtension - Agent path: null
15:00:55.616 [ApplicationImpl pooled thread 249] INFO  c.b.l.BrowserStackRunExtension - cucumber java
15:00:55.617 [ApplicationImpl pooled thread 249] INFO  com.browserstack.utils.Helpers - null
15:00:55.619 [ApplicationImpl pooled thread 249] INFO  c.b.l.BrowserStackRunExtension - Agent path: null
15:08:47.955 [ApplicationImpl pooled thread 260] INFO  c.b.l.BrowserStackRunExtension - cucumber java
15:08:47.955 [ApplicationImpl pooled thread 260] INFO  com.browserstack.utils.Helpers - null
15:08:47.957 [ApplicationImpl pooled thread 260] INFO  c.b.l.BrowserStackRunExtension - Agent path: null
15:09:58.260 [ApplicationImpl pooled thread 261] INFO  c.b.l.BrowserStackRunExtension - cucumber java
15:09:58.260 [ApplicationImpl pooled thread 261] INFO  com.browserstack.utils.Helpers - null
15:09:58.262 [ApplicationImpl pooled thread 261] INFO  c.b.l.BrowserStackRunExtension - Agent path: null
15:11:13.683 [ApplicationImpl pooled thread 258] INFO  c.b.l.BrowserStackRunExtension - cucumber java
15:11:13.683 [ApplicationImpl pooled thread 258] INFO  com.browserstack.utils.Helpers - null
15:11:13.685 [ApplicationImpl pooled thread 258] INFO  c.b.l.BrowserStackRunExtension - Agent path: null
15:13:02.236 [ApplicationImpl pooled thread 264] INFO  c.b.l.BrowserStackRunExtension - cucumber java
15:13:02.237 [ApplicationImpl pooled thread 264] INFO  com.browserstack.utils.Helpers - null
15:13:02.239 [ApplicationImpl pooled thread 264] INFO  c.b.l.BrowserStackRunExtension - Agent path: null
15:14:14.057 [ApplicationImpl pooled thread 266] INFO  c.b.l.BrowserStackRunExtension - cucumber java
15:14:14.057 [ApplicationImpl pooled thread 266] INFO  com.browserstack.utils.Helpers - null
15:14:14.060 [ApplicationImpl pooled thread 266] INFO  c.b.l.BrowserStackRunExtension - Agent path: null
14:24:55.134 [ApplicationImpl pooled thread 207] INFO  c.b.l.BrowserStackRunExtension - cucumber java
14:24:55.134 [ApplicationImpl pooled thread 207] INFO  com.browserstack.utils.Helpers - null
14:24:55.135 [ApplicationImpl pooled thread 207] INFO  c.b.l.BrowserStackRunExtension - Agent path: null
14:34:04.312 [ApplicationImpl pooled thread 235] INFO  c.b.l.BrowserStackRunExtension - cucumber java
14:34:04.312 [ApplicationImpl pooled thread 235] INFO  com.browserstack.utils.Helpers - null
14:34:04.314 [ApplicationImpl pooled thread 235] INFO  c.b.l.BrowserStackRunExtension - Agent path: null
14:35:58.545 [ApplicationImpl pooled thread 228] INFO  c.b.l.BrowserStackRunExtension - cucumber java
14:35:58.545 [ApplicationImpl pooled thread 228] INFO  com.browserstack.utils.Helpers - null
14:35:58.547 [ApplicationImpl pooled thread 228] INFO  c.b.l.BrowserStackRunExtension - Agent path: null
14:37:54.997 [ApplicationImpl pooled thread 251] INFO  c.b.l.BrowserStackRunExtension - cucumber java
14:37:54.997 [ApplicationImpl pooled thread 251] INFO  com.browserstack.utils.Helpers - null
14:37:54.998 [ApplicationImpl pooled thread 251] INFO  c.b.l.BrowserStackRunExtension - Agent path: null
14:39:31.352 [ApplicationImpl pooled thread 229] INFO  c.b.l.BrowserStackRunExtension - cucumber java
14:39:31.353 [ApplicationImpl pooled thread 229] INFO  com.browserstack.utils.Helpers - null
14:39:31.355 [ApplicationImpl pooled thread 229] INFO  c.b.l.BrowserStackRunExtension - Agent path: null
14:42:08.188 [ApplicationImpl pooled thread 259] INFO  c.b.l.BrowserStackRunExtension - cucumber java
14:42:08.189 [ApplicationImpl pooled thread 259] INFO  com.browserstack.utils.Helpers - null
14:42:08.191 [ApplicationImpl pooled thread 259] INFO  c.b.l.BrowserStackRunExtension - Agent path: null
14:45:40.326 [ApplicationImpl pooled thread 273] INFO  c.b.l.BrowserStackRunExtension - cucumber java
14:45:40.326 [ApplicationImpl pooled thread 273] INFO  com.browserstack.utils.Helpers - null
14:45:40.327 [ApplicationImpl pooled thread 273] INFO  c.b.l.BrowserStackRunExtension - Agent path: null
14:48:09.612 [ApplicationImpl pooled thread 287] INFO  c.b.l.BrowserStackRunExtension - cucumber java
14:48:09.612 [ApplicationImpl pooled thread 287] INFO  com.browserstack.utils.Helpers - null
14:48:09.614 [ApplicationImpl pooled thread 287] INFO  c.b.l.BrowserStackRunExtension - Agent path: null
14:58:59.512 [ApplicationImpl pooled thread 291] INFO  c.b.l.BrowserStackRunExtension - cucumber java
14:58:59.512 [ApplicationImpl pooled thread 291] INFO  com.browserstack.utils.Helpers - null
14:58:59.513 [ApplicationImpl pooled thread 291] INFO  c.b.l.BrowserStackRunExtension - Agent path: null
15:04:59.980 [ApplicationImpl pooled thread 319] INFO  c.b.l.BrowserStackRunExtension - cucumber java
15:04:59.980 [ApplicationImpl pooled thread 319] INFO  com.browserstack.utils.Helpers - null
15:04:59.981 [ApplicationImpl pooled thread 319] INFO  c.b.l.BrowserStackRunExtension - Agent path: null
15:06:41.555 [ApplicationImpl pooled thread 311] INFO  c.b.l.BrowserStackRunExtension - cucumber java
15:06:41.555 [ApplicationImpl pooled thread 311] INFO  com.browserstack.utils.Helpers - null
15:06:41.555 [ApplicationImpl pooled thread 311] INFO  c.b.l.BrowserStackRunExtension - Agent path: null
15:06:47.570 [ApplicationImpl pooled thread 320] INFO  c.b.l.BrowserStackRunExtension - cucumber java
15:06:47.570 [ApplicationImpl pooled thread 320] INFO  com.browserstack.utils.Helpers - null
15:06:47.572 [ApplicationImpl pooled thread 320] INFO  c.b.l.BrowserStackRunExtension - Agent path: null
15:14:38.854 [ApplicationImpl pooled thread 338] INFO  c.b.l.BrowserStackRunExtension - cucumber java
15:14:38.854 [ApplicationImpl pooled thread 338] INFO  com.browserstack.utils.Helpers - null
15:14:38.855 [ApplicationImpl pooled thread 338] INFO  c.b.l.BrowserStackRunExtension - Agent path: null
15:23:39.293 [ApplicationImpl pooled thread 342] INFO  c.b.l.BrowserStackRunExtension - cucumber java
15:23:39.293 [ApplicationImpl pooled thread 342] INFO  com.browserstack.utils.Helpers - null
15:23:39.294 [ApplicationImpl pooled thread 342] INFO  c.b.l.BrowserStackRunExtension - Agent path: null
15:32:59.811 [ApplicationImpl pooled thread 376] INFO  c.b.l.BrowserStackRunExtension - cucumber java
15:32:59.811 [ApplicationImpl pooled thread 376] INFO  com.browserstack.utils.Helpers - null
15:32:59.812 [ApplicationImpl pooled thread 376] INFO  c.b.l.BrowserStackRunExtension - Agent path: null
15:39:24.894 [ApplicationImpl pooled thread 397] INFO  c.b.l.BrowserStackRunExtension - cucumber java
15:39:24.894 [ApplicationImpl pooled thread 397] INFO  com.browserstack.utils.Helpers - null
15:39:24.896 [ApplicationImpl pooled thread 397] INFO  c.b.l.BrowserStackRunExtension - Agent path: null
15:42:14.169 [ApplicationImpl pooled thread 419] INFO  c.b.l.BrowserStackRunExtension - cucumber java
15:42:14.169 [ApplicationImpl pooled thread 419] INFO  com.browserstack.utils.Helpers - null
15:42:14.170 [ApplicationImpl pooled thread 419] INFO  c.b.l.BrowserStackRunExtension - Agent path: null
15:46:47.398 [ApplicationImpl pooled thread 429] INFO  c.b.l.BrowserStackRunExtension - cucumber java
15:46:47.398 [ApplicationImpl pooled thread 429] INFO  com.browserstack.utils.Helpers - null
15:46:47.399 [ApplicationImpl pooled thread 429] INFO  c.b.l.BrowserStackRunExtension - Agent path: null
15:59:00.252 [ApplicationImpl pooled thread 446] INFO  c.b.l.BrowserStackRunExtension - cucumber java
15:59:00.252 [ApplicationImpl pooled thread 446] INFO  com.browserstack.utils.Helpers - null
15:59:00.254 [ApplicationImpl pooled thread 446] INFO  c.b.l.BrowserStackRunExtension - Agent path: null
16:03:24.620 [ApplicationImpl pooled thread 457] INFO  c.b.l.BrowserStackRunExtension - cucumber java
16:03:24.620 [ApplicationImpl pooled thread 457] INFO  com.browserstack.utils.Helpers - null
16:03:24.621 [ApplicationImpl pooled thread 457] INFO  c.b.l.BrowserStackRunExtension - Agent path: null
16:06:29.489 [ApplicationImpl pooled thread 465] INFO  c.b.l.BrowserStackRunExtension - cucumber java
16:06:29.490 [ApplicationImpl pooled thread 465] INFO  com.browserstack.utils.Helpers - null
16:06:29.491 [ApplicationImpl pooled thread 465] INFO  c.b.l.BrowserStackRunExtension - Agent path: null
16:07:54.648 [ApplicationImpl pooled thread 465] INFO  c.b.l.BrowserStackRunExtension - cucumber java
16:07:54.648 [ApplicationImpl pooled thread 465] INFO  com.browserstack.utils.Helpers - null
16:07:54.650 [ApplicationImpl pooled thread 465] INFO  c.b.l.BrowserStackRunExtension - Agent path: null
16:22:19.793 [ApplicationImpl pooled thread 501] INFO  c.b.l.BrowserStackRunExtension - cucumber java
16:22:19.793 [ApplicationImpl pooled thread 501] INFO  com.browserstack.utils.Helpers - null
16:22:19.794 [ApplicationImpl pooled thread 501] INFO  c.b.l.BrowserStackRunExtension - Agent path: null
16:38:23.283 [ApplicationImpl pooled thread 527] INFO  c.b.l.BrowserStackRunExtension - cucumber java
16:38:23.284 [ApplicationImpl pooled thread 527] INFO  com.browserstack.utils.Helpers - null
16:38:23.286 [ApplicationImpl pooled thread 527] INFO  c.b.l.BrowserStackRunExtension - Agent path: null
16:40:07.295 [ApplicationImpl pooled thread 523] INFO  c.b.l.BrowserStackRunExtension - cucumber java
16:40:07.295 [ApplicationImpl pooled thread 523] INFO  com.browserstack.utils.Helpers - null
16:40:07.296 [ApplicationImpl pooled thread 523] INFO  c.b.l.BrowserStackRunExtension - Agent path: null
16:41:25.418 [ApplicationImpl pooled thread 534] INFO  c.b.l.BrowserStackRunExtension - cucumber java
16:41:25.418 [ApplicationImpl pooled thread 534] INFO  com.browserstack.utils.Helpers - null
16:41:25.419 [ApplicationImpl pooled thread 534] INFO  c.b.l.BrowserStackRunExtension - Agent path: null
16:42:43.376 [ApplicationImpl pooled thread 521] INFO  c.b.l.BrowserStackRunExtension - cucumber java
16:42:43.377 [ApplicationImpl pooled thread 521] INFO  com.browserstack.utils.Helpers - null
16:42:43.378 [ApplicationImpl pooled thread 521] INFO  c.b.l.BrowserStackRunExtension - Agent path: null
16:44:11.927 [ApplicationImpl pooled thread 518] INFO  c.b.l.BrowserStackRunExtension - cucumber java
16:44:11.927 [ApplicationImpl pooled thread 518] INFO  com.browserstack.utils.Helpers - null
16:44:11.929 [ApplicationImpl pooled thread 518] INFO  c.b.l.BrowserStackRunExtension - Agent path: null
16:45:44.207 [ApplicationImpl pooled thread 536] INFO  c.b.l.BrowserStackRunExtension - cucumber java
16:45:44.207 [ApplicationImpl pooled thread 536] INFO  com.browserstack.utils.Helpers - null
16:45:44.209 [ApplicationImpl pooled thread 536] INFO  c.b.l.BrowserStackRunExtension - Agent path: null
16:48:39.309 [ApplicationImpl pooled thread 543] INFO  c.b.l.BrowserStackRunExtension - cucumber java
16:48:39.309 [ApplicationImpl pooled thread 543] INFO  com.browserstack.utils.Helpers - null
16:48:39.311 [ApplicationImpl pooled thread 543] INFO  c.b.l.BrowserStackRunExtension - Agent path: null
16:50:14.948 [ApplicationImpl pooled thread 549] INFO  c.b.l.BrowserStackRunExtension - cucumber java
16:50:14.948 [ApplicationImpl pooled thread 549] INFO  com.browserstack.utils.Helpers - null
16:50:14.949 [ApplicationImpl pooled thread 549] INFO  c.b.l.BrowserStackRunExtension - Agent path: null
16:53:07.699 [ApplicationImpl pooled thread 564] INFO  c.b.l.BrowserStackRunExtension - cucumber java
16:53:07.699 [ApplicationImpl pooled thread 564] INFO  com.browserstack.utils.Helpers - null
16:53:07.701 [ApplicationImpl pooled thread 564] INFO  c.b.l.BrowserStackRunExtension - Agent path: null
16:55:05.733 [ApplicationImpl pooled thread 573] INFO  c.b.l.BrowserStackRunExtension - cucumber java
16:55:05.733 [ApplicationImpl pooled thread 573] INFO  com.browserstack.utils.Helpers - null
16:55:05.734 [ApplicationImpl pooled thread 573] INFO  c.b.l.BrowserStackRunExtension - Agent path: null
16:56:51.588 [ApplicationImpl pooled thread 580] INFO  c.b.l.BrowserStackRunExtension - cucumber java
16:56:51.588 [ApplicationImpl pooled thread 580] INFO  com.browserstack.utils.Helpers - null
16:56:51.590 [ApplicationImpl pooled thread 580] INFO  c.b.l.BrowserStackRunExtension - Agent path: null
16:59:44.450 [ApplicationImpl pooled thread 571] INFO  c.b.l.BrowserStackRunExtension - cucumber java
16:59:44.450 [ApplicationImpl pooled thread 571] INFO  com.browserstack.utils.Helpers - null
16:59:44.452 [ApplicationImpl pooled thread 571] INFO  c.b.l.BrowserStackRunExtension - Agent path: null
17:01:26.489 [ApplicationImpl pooled thread 589] INFO  c.b.l.BrowserStackRunExtension - cucumber java
17:01:26.490 [ApplicationImpl pooled thread 589] INFO  com.browserstack.utils.Helpers - null
17:01:26.491 [ApplicationImpl pooled thread 589] INFO  c.b.l.BrowserStackRunExtension - Agent path: null
17:04:12.396 [ApplicationImpl pooled thread 613] INFO  c.b.l.BrowserStackRunExtension - cucumber java
17:04:12.396 [ApplicationImpl pooled thread 613] INFO  com.browserstack.utils.Helpers - null
17:04:12.397 [ApplicationImpl pooled thread 613] INFO  c.b.l.BrowserStackRunExtension - Agent path: null
17:04:53.484 [ApplicationImpl pooled thread 610] INFO  c.b.l.BrowserStackRunExtension - cucumber java
17:04:53.484 [ApplicationImpl pooled thread 610] INFO  com.browserstack.utils.Helpers - null
17:04:53.485 [ApplicationImpl pooled thread 610] INFO  c.b.l.BrowserStackRunExtension - Agent path: null
17:07:01.856 [ApplicationImpl pooled thread 614] INFO  c.b.l.BrowserStackRunExtension - cucumber java
17:07:01.856 [ApplicationImpl pooled thread 614] INFO  com.browserstack.utils.Helpers - null
17:07:01.858 [ApplicationImpl pooled thread 614] INFO  c.b.l.BrowserStackRunExtension - Agent path: null
17:10:27.175 [ApplicationImpl pooled thread 610] INFO  c.b.l.BrowserStackRunExtension - cucumber java
17:10:27.175 [ApplicationImpl pooled thread 610] INFO  com.browserstack.utils.Helpers - null
17:10:27.177 [ApplicationImpl pooled thread 610] INFO  c.b.l.BrowserStackRunExtension - Agent path: null
17:11:52.137 [ApplicationImpl pooled thread 605] INFO  c.b.l.BrowserStackRunExtension - cucumber java
17:11:52.138 [ApplicationImpl pooled thread 605] INFO  com.browserstack.utils.Helpers - null
17:11:52.139 [ApplicationImpl pooled thread 605] INFO  c.b.l.BrowserStackRunExtension - Agent path: null
17:13:47.004 [ApplicationImpl pooled thread 605] INFO  c.b.l.BrowserStackRunExtension - cucumber java
17:13:47.004 [ApplicationImpl pooled thread 605] INFO  com.browserstack.utils.Helpers - null
17:13:47.005 [ApplicationImpl pooled thread 605] INFO  c.b.l.BrowserStackRunExtension - Agent path: null
17:16:19.862 [ApplicationImpl pooled thread 641] INFO  c.b.l.BrowserStackRunExtension - cucumber java
17:16:19.863 [ApplicationImpl pooled thread 641] INFO  com.browserstack.utils.Helpers - null
17:16:19.864 [ApplicationImpl pooled thread 641] INFO  c.b.l.BrowserStackRunExtension - Agent path: null
17:27:05.662 [ApplicationImpl pooled thread 657] INFO  c.b.l.BrowserStackRunExtension - cucumber java
17:27:05.662 [ApplicationImpl pooled thread 657] INFO  com.browserstack.utils.Helpers - null
17:27:05.663 [ApplicationImpl pooled thread 657] INFO  c.b.l.BrowserStackRunExtension - Agent path: null
17:29:22.613 [ApplicationImpl pooled thread 670] INFO  c.b.l.BrowserStackRunExtension - cucumber java
17:29:22.613 [ApplicationImpl pooled thread 670] INFO  com.browserstack.utils.Helpers - null
17:29:22.614 [ApplicationImpl pooled thread 670] INFO  c.b.l.BrowserStackRunExtension - Agent path: null
17:29:58.789 [ApplicationImpl pooled thread 669] INFO  c.b.l.BrowserStackRunExtension - cucumber java
17:29:58.790 [ApplicationImpl pooled thread 669] INFO  com.browserstack.utils.Helpers - null
17:29:58.792 [ApplicationImpl pooled thread 669] INFO  c.b.l.BrowserStackRunExtension - Agent path: null
17:31:50.868 [ApplicationImpl pooled thread 666] INFO  c.b.l.BrowserStackRunExtension - cucumber java
17:31:50.869 [ApplicationImpl pooled thread 666] INFO  com.browserstack.utils.Helpers - null
17:31:50.870 [ApplicationImpl pooled thread 666] INFO  c.b.l.BrowserStackRunExtension - Agent path: null
17:33:05.980 [ApplicationImpl pooled thread 665] INFO  c.b.l.BrowserStackRunExtension - cucumber java
17:33:05.980 [ApplicationImpl pooled thread 665] INFO  com.browserstack.utils.Helpers - null
17:33:05.982 [ApplicationImpl pooled thread 665] INFO  c.b.l.BrowserStackRunExtension - Agent path: null
17:37:38.233 [ApplicationImpl pooled thread 696] INFO  c.b.l.BrowserStackRunExtension - cucumber java
17:37:38.233 [ApplicationImpl pooled thread 696] INFO  com.browserstack.utils.Helpers - null
17:37:38.235 [ApplicationImpl pooled thread 696] INFO  c.b.l.BrowserStackRunExtension - Agent path: null
17:40:27.239 [ApplicationImpl pooled thread 696] INFO  c.b.l.BrowserStackRunExtension - cucumber java
17:40:27.240 [ApplicationImpl pooled thread 696] INFO  com.browserstack.utils.Helpers - null
17:40:27.241 [ApplicationImpl pooled thread 696] INFO  c.b.l.BrowserStackRunExtension - Agent path: null
17:43:21.443 [ApplicationImpl pooled thread 698] INFO  c.b.l.BrowserStackRunExtension - cucumber java
17:43:21.444 [ApplicationImpl pooled thread 698] INFO  com.browserstack.utils.Helpers - null
17:43:21.446 [ApplicationImpl pooled thread 698] INFO  c.b.l.BrowserStackRunExtension - Agent path: null
17:45:36.706 [ApplicationImpl pooled thread 704] INFO  c.b.l.BrowserStackRunExtension - cucumber java
17:45:36.706 [ApplicationImpl pooled thread 704] INFO  com.browserstack.utils.Helpers - null
17:45:36.708 [ApplicationImpl pooled thread 704] INFO  c.b.l.BrowserStackRunExtension - Agent path: null
17:47:49.675 [ApplicationImpl pooled thread 720] INFO  c.b.l.BrowserStackRunExtension - cucumber java
17:47:49.675 [ApplicationImpl pooled thread 720] INFO  com.browserstack.utils.Helpers - null
17:47:49.677 [ApplicationImpl pooled thread 720] INFO  c.b.l.BrowserStackRunExtension - Agent path: null
17:50:11.060 [ApplicationImpl pooled thread 731] INFO  c.b.l.BrowserStackRunExtension - cucumber java
17:50:11.060 [ApplicationImpl pooled thread 731] INFO  com.browserstack.utils.Helpers - null
17:50:11.062 [ApplicationImpl pooled thread 731] INFO  c.b.l.BrowserStackRunExtension - Agent path: null
17:53:09.286 [ApplicationImpl pooled thread 745] INFO  c.b.l.BrowserStackRunExtension - cucumber java
17:53:09.286 [ApplicationImpl pooled thread 745] INFO  com.browserstack.utils.Helpers - null
17:53:09.288 [ApplicationImpl pooled thread 745] INFO  c.b.l.BrowserStackRunExtension - Agent path: null
10:55:33.315 [ApplicationImpl pooled thread 62] INFO  c.b.l.BrowserStackRunExtension - cucumber java
10:55:33.319 [ApplicationImpl pooled thread 62] INFO  com.browserstack.utils.Helpers - null
10:55:33.320 [ApplicationImpl pooled thread 62] INFO  c.b.l.BrowserStackRunExtension - Agent path: null
11:00:59.449 [ApplicationImpl pooled thread 65] INFO  c.b.l.BrowserStackRunExtension - cucumber java
11:00:59.449 [ApplicationImpl pooled thread 65] INFO  com.browserstack.utils.Helpers - null
11:00:59.451 [ApplicationImpl pooled thread 65] INFO  c.b.l.BrowserStackRunExtension - Agent path: null
11:18:39.711 [ApplicationImpl pooled thread 85] INFO  c.b.l.BrowserStackRunExtension - cucumber java
11:18:39.711 [ApplicationImpl pooled thread 85] INFO  com.browserstack.utils.Helpers - null
11:18:39.713 [ApplicationImpl pooled thread 85] INFO  c.b.l.BrowserStackRunExtension - Agent path: null
11:23:51.764 [ApplicationImpl pooled thread 104] INFO  c.b.l.BrowserStackRunExtension - cucumber java
11:23:51.765 [ApplicationImpl pooled thread 104] INFO  com.browserstack.utils.Helpers - null
11:23:51.767 [ApplicationImpl pooled thread 104] INFO  c.b.l.BrowserStackRunExtension - Agent path: null
11:26:31.272 [ApplicationImpl pooled thread 109] INFO  c.b.l.BrowserStackRunExtension - cucumber java
11:26:31.272 [ApplicationImpl pooled thread 109] INFO  com.browserstack.utils.Helpers - null
11:26:31.274 [ApplicationImpl pooled thread 109] INFO  c.b.l.BrowserStackRunExtension - Agent path: null
11:26:40.879 [ApplicationImpl pooled thread 113] INFO  c.b.l.BrowserStackRunExtension - cucumber java
11:26:40.880 [ApplicationImpl pooled thread 113] INFO  com.browserstack.utils.Helpers - null
11:26:40.881 [ApplicationImpl pooled thread 113] INFO  c.b.l.BrowserStackRunExtension - Agent path: null
11:54:28.452 [ApplicationImpl pooled thread 150] INFO  c.b.l.BrowserStackRunExtension - cucumber java
11:54:28.452 [ApplicationImpl pooled thread 150] INFO  com.browserstack.utils.Helpers - null
11:54:28.453 [ApplicationImpl pooled thread 150] INFO  c.b.l.BrowserStackRunExtension - Agent path: null
12:00:43.017 [ApplicationImpl pooled thread 168] INFO  c.b.l.BrowserStackRunExtension - cucumber java
12:00:43.017 [ApplicationImpl pooled thread 168] INFO  com.browserstack.utils.Helpers - null
12:00:43.018 [ApplicationImpl pooled thread 168] INFO  c.b.l.BrowserStackRunExtension - Agent path: null
12:01:16.855 [ApplicationImpl pooled thread 170] INFO  c.b.l.BrowserStackRunExtension - cucumber java
12:01:16.855 [ApplicationImpl pooled thread 170] INFO  com.browserstack.utils.Helpers - null
12:01:16.858 [ApplicationImpl pooled thread 170] INFO  c.b.l.BrowserStackRunExtension - Agent path: null
14:20:57.440 [ApplicationImpl pooled thread 297] INFO  c.b.l.BrowserStackRunExtension - cucumber java
14:20:57.440 [ApplicationImpl pooled thread 297] INFO  com.browserstack.utils.Helpers - null
14:20:57.442 [ApplicationImpl pooled thread 297] INFO  c.b.l.BrowserStackRunExtension - Agent path: null
14:23:44.063 [ApplicationImpl pooled thread 304] INFO  c.b.l.BrowserStackRunExtension - cucumber java
14:23:44.063 [ApplicationImpl pooled thread 304] INFO  com.browserstack.utils.Helpers - null
14:23:44.065 [ApplicationImpl pooled thread 304] INFO  c.b.l.BrowserStackRunExtension - Agent path: null
14:30:19.365 [ApplicationImpl pooled thread 316] INFO  c.b.l.BrowserStackRunExtension - cucumber java
14:30:19.365 [ApplicationImpl pooled thread 316] INFO  com.browserstack.utils.Helpers - null
14:30:19.367 [ApplicationImpl pooled thread 316] INFO  c.b.l.BrowserStackRunExtension - Agent path: null
14:34:32.670 [ApplicationImpl pooled thread 323] INFO  c.b.l.BrowserStackRunExtension - cucumber java
14:34:32.670 [ApplicationImpl pooled thread 323] INFO  com.browserstack.utils.Helpers - null
14:34:32.671 [ApplicationImpl pooled thread 323] INFO  c.b.l.BrowserStackRunExtension - Agent path: null
14:36:05.533 [ApplicationImpl pooled thread 323] INFO  c.b.l.BrowserStackRunExtension - cucumber java
14:36:05.534 [ApplicationImpl pooled thread 323] INFO  com.browserstack.utils.Helpers - null
14:36:05.535 [ApplicationImpl pooled thread 323] INFO  c.b.l.BrowserStackRunExtension - Agent path: null
15:17:32.670 [ApplicationImpl pooled thread 350] INFO  c.b.l.BrowserStackRunExtension - cucumber java
15:17:32.670 [ApplicationImpl pooled thread 350] INFO  com.browserstack.utils.Helpers - null
15:17:32.672 [ApplicationImpl pooled thread 350] INFO  c.b.l.BrowserStackRunExtension - Agent path: null
15:19:34.310 [ApplicationImpl pooled thread 355] INFO  c.b.l.BrowserStackRunExtension - cucumber java
15:19:34.310 [ApplicationImpl pooled thread 355] INFO  com.browserstack.utils.Helpers - null
15:19:34.313 [ApplicationImpl pooled thread 355] INFO  c.b.l.BrowserStackRunExtension - Agent path: null
15:43:40.643 [ApplicationImpl pooled thread 391] INFO  c.b.l.BrowserStackRunExtension - cucumber java
15:43:40.643 [ApplicationImpl pooled thread 391] INFO  com.browserstack.utils.Helpers - null
15:43:40.645 [ApplicationImpl pooled thread 391] INFO  c.b.l.BrowserStackRunExtension - Agent path: null
15:50:20.417 [ApplicationImpl pooled thread 406] INFO  c.b.l.BrowserStackRunExtension - cucumber java
15:50:20.417 [ApplicationImpl pooled thread 406] INFO  com.browserstack.utils.Helpers - null
15:50:20.419 [ApplicationImpl pooled thread 406] INFO  c.b.l.BrowserStackRunExtension - Agent path: null
11:58:34.933 [ApplicationImpl pooled thread 119] INFO  c.b.l.BrowserStackRunExtension - cucumber java
11:58:34.934 [ApplicationImpl pooled thread 119] INFO  com.browserstack.utils.Helpers - null
11:58:34.935 [ApplicationImpl pooled thread 119] INFO  c.b.l.BrowserStackRunExtension - Agent path: null
12:19:12.852 [ApplicationImpl pooled thread 191] INFO  c.b.l.BrowserStackRunExtension - cucumber java
12:19:12.852 [ApplicationImpl pooled thread 191] INFO  com.browserstack.utils.Helpers - null
12:19:12.853 [ApplicationImpl pooled thread 191] INFO  c.b.l.BrowserStackRunExtension - Agent path: null
12:43:11.493 [ApplicationImpl pooled thread 245] INFO  c.b.l.BrowserStackRunExtension - cucumber java
12:43:11.493 [ApplicationImpl pooled thread 245] INFO  com.browserstack.utils.Helpers - null
12:43:11.495 [ApplicationImpl pooled thread 245] INFO  c.b.l.BrowserStackRunExtension - Agent path: null
12:46:43.594 [ApplicationImpl pooled thread 256] INFO  c.b.l.BrowserStackRunExtension - cucumber java
12:46:43.594 [ApplicationImpl pooled thread 256] INFO  com.browserstack.utils.Helpers - null
12:46:43.595 [ApplicationImpl pooled thread 256] INFO  c.b.l.BrowserStackRunExtension - Agent path: null
12:50:02.705 [ApplicationImpl pooled thread 276] INFO  c.b.l.BrowserStackRunExtension - cucumber java
12:50:02.705 [ApplicationImpl pooled thread 276] INFO  com.browserstack.utils.Helpers - null
12:50:02.706 [ApplicationImpl pooled thread 276] INFO  c.b.l.BrowserStackRunExtension - Agent path: null
12:53:56.438 [ApplicationImpl pooled thread 279] INFO  c.b.l.BrowserStackRunExtension - cucumber java
12:53:56.438 [ApplicationImpl pooled thread 279] INFO  com.browserstack.utils.Helpers - null
12:53:56.439 [ApplicationImpl pooled thread 279] INFO  c.b.l.BrowserStackRunExtension - Agent path: null
12:56:38.351 [ApplicationImpl pooled thread 300] INFO  c.b.l.BrowserStackRunExtension - cucumber java
12:56:38.352 [ApplicationImpl pooled thread 300] INFO  com.browserstack.utils.Helpers - null
12:56:38.354 [ApplicationImpl pooled thread 300] INFO  c.b.l.BrowserStackRunExtension - Agent path: null
14:19:17.370 [ApplicationImpl pooled thread 385] INFO  c.b.l.BrowserStackRunExtension - cucumber java
14:19:17.370 [ApplicationImpl pooled thread 385] INFO  com.browserstack.utils.Helpers - null
14:19:17.372 [ApplicationImpl pooled thread 385] INFO  c.b.l.BrowserStackRunExtension - Agent path: null
14:28:12.141 [ApplicationImpl pooled thread 407] INFO  c.b.l.BrowserStackRunExtension - cucumber java
14:28:12.141 [ApplicationImpl pooled thread 407] INFO  com.browserstack.utils.Helpers - null
14:28:12.143 [ApplicationImpl pooled thread 407] INFO  c.b.l.BrowserStackRunExtension - Agent path: null
14:32:40.247 [ApplicationImpl pooled thread 415] INFO  c.b.l.BrowserStackRunExtension - cucumber java
14:32:40.247 [ApplicationImpl pooled thread 415] INFO  com.browserstack.utils.Helpers - null
14:32:40.250 [ApplicationImpl pooled thread 415] INFO  c.b.l.BrowserStackRunExtension - Agent path: null
14:42:15.751 [ApplicationImpl pooled thread 442] INFO  c.b.l.BrowserStackRunExtension - cucumber java
14:42:15.751 [ApplicationImpl pooled thread 442] INFO  com.browserstack.utils.Helpers - null
14:42:15.753 [ApplicationImpl pooled thread 442] INFO  c.b.l.BrowserStackRunExtension - Agent path: null
14:52:43.364 [ApplicationImpl pooled thread 483] INFO  c.b.l.BrowserStackRunExtension - cucumber java
14:52:43.365 [ApplicationImpl pooled thread 483] INFO  com.browserstack.utils.Helpers - null
14:52:43.367 [ApplicationImpl pooled thread 483] INFO  c.b.l.BrowserStackRunExtension - Agent path: null
15:01:18.869 [ApplicationImpl pooled thread 496] INFO  c.b.l.BrowserStackRunExtension - cucumber java
15:01:18.869 [ApplicationImpl pooled thread 496] INFO  com.browserstack.utils.Helpers - null
15:01:18.871 [ApplicationImpl pooled thread 496] INFO  c.b.l.BrowserStackRunExtension - Agent path: null
16:04:47.171 [ApplicationImpl pooled thread 862] INFO  c.b.l.BrowserStackRunExtension - cucumber java
16:04:47.171 [ApplicationImpl pooled thread 862] INFO  com.browserstack.utils.Helpers - null
16:04:47.172 [ApplicationImpl pooled thread 862] INFO  c.b.l.BrowserStackRunExtension - Agent path: null
16:04:52.029 [ApplicationImpl pooled thread 849] INFO  c.b.l.BrowserStackRunExtension - cucumber java
16:04:52.029 [ApplicationImpl pooled thread 849] INFO  com.browserstack.utils.Helpers - null
16:04:52.030 [ApplicationImpl pooled thread 849] INFO  c.b.l.BrowserStackRunExtension - Agent path: null
11:05:49.951 [ApplicationImpl pooled thread 66] INFO  c.b.l.BrowserStackRunExtension - cucumber java
11:05:49.954 [ApplicationImpl pooled thread 66] INFO  com.browserstack.utils.Helpers - null
11:05:49.955 [ApplicationImpl pooled thread 66] INFO  c.b.l.BrowserStackRunExtension - Agent path: null
11:20:49.610 [ApplicationImpl pooled thread 80] INFO  c.b.l.BrowserStackRunExtension - cucumber java
11:20:49.611 [ApplicationImpl pooled thread 80] INFO  com.browserstack.utils.Helpers - null
11:20:49.612 [ApplicationImpl pooled thread 80] INFO  c.b.l.BrowserStackRunExtension - Agent path: null
11:30:37.422 [ApplicationImpl pooled thread 92] INFO  c.b.l.BrowserStackRunExtension - cucumber java
11:30:37.422 [ApplicationImpl pooled thread 92] INFO  com.browserstack.utils.Helpers - null
11:30:37.423 [ApplicationImpl pooled thread 92] INFO  c.b.l.BrowserStackRunExtension - Agent path: null
11:37:17.485 [ApplicationImpl pooled thread 110] INFO  c.b.l.BrowserStackRunExtension - cucumber java
11:37:17.485 [ApplicationImpl pooled thread 110] INFO  com.browserstack.utils.Helpers - null
11:37:17.489 [ApplicationImpl pooled thread 110] INFO  c.b.l.BrowserStackRunExtension - Agent path: null
11:39:20.194 [ApplicationImpl pooled thread 118] INFO  c.b.l.BrowserStackRunExtension - cucumber java
11:39:20.195 [ApplicationImpl pooled thread 118] INFO  com.browserstack.utils.Helpers - null
11:39:20.196 [ApplicationImpl pooled thread 118] INFO  c.b.l.BrowserStackRunExtension - Agent path: null
11:40:37.988 [ApplicationImpl pooled thread 108] INFO  c.b.l.BrowserStackRunExtension - cucumber java
11:40:37.988 [ApplicationImpl pooled thread 108] INFO  com.browserstack.utils.Helpers - null
11:40:37.990 [ApplicationImpl pooled thread 108] INFO  c.b.l.BrowserStackRunExtension - Agent path: null
11:47:55.308 [ApplicationImpl pooled thread 128] INFO  c.b.l.BrowserStackRunExtension - cucumber java
11:47:55.308 [ApplicationImpl pooled thread 128] INFO  com.browserstack.utils.Helpers - null
11:47:55.309 [ApplicationImpl pooled thread 128] INFO  c.b.l.BrowserStackRunExtension - Agent path: null
11:52:07.986 [ApplicationImpl pooled thread 138] INFO  c.b.l.BrowserStackRunExtension - cucumber java
11:52:07.987 [ApplicationImpl pooled thread 138] INFO  com.browserstack.utils.Helpers - null
11:52:07.988 [ApplicationImpl pooled thread 138] INFO  c.b.l.BrowserStackRunExtension - Agent path: null
11:54:51.225 [ApplicationImpl pooled thread 146] INFO  c.b.l.BrowserStackRunExtension - cucumber java
11:54:51.225 [ApplicationImpl pooled thread 146] INFO  com.browserstack.utils.Helpers - null
11:54:51.226 [ApplicationImpl pooled thread 146] INFO  c.b.l.BrowserStackRunExtension - Agent path: null
11:55:40.340 [ApplicationImpl pooled thread 145] INFO  c.b.l.BrowserStackRunExtension - cucumber java
11:55:40.341 [ApplicationImpl pooled thread 145] INFO  com.browserstack.utils.Helpers - null
11:55:40.343 [ApplicationImpl pooled thread 145] INFO  c.b.l.BrowserStackRunExtension - Agent path: null
11:57:38.435 [ApplicationImpl pooled thread 143] INFO  c.b.l.BrowserStackRunExtension - cucumber java
11:57:38.436 [ApplicationImpl pooled thread 143] INFO  com.browserstack.utils.Helpers - null
11:57:38.438 [ApplicationImpl pooled thread 143] INFO  c.b.l.BrowserStackRunExtension - Agent path: null
11:59:12.941 [ApplicationImpl pooled thread 151] INFO  c.b.l.BrowserStackRunExtension - cucumber java
11:59:12.942 [ApplicationImpl pooled thread 151] INFO  com.browserstack.utils.Helpers - null
11:59:12.943 [ApplicationImpl pooled thread 151] INFO  c.b.l.BrowserStackRunExtension - Agent path: null
12:00:43.042 [ApplicationImpl pooled thread 151] INFO  c.b.l.BrowserStackRunExtension - cucumber java
12:00:43.042 [ApplicationImpl pooled thread 151] INFO  com.browserstack.utils.Helpers - null
12:00:43.043 [ApplicationImpl pooled thread 151] INFO  c.b.l.BrowserStackRunExtension - Agent path: null
12:01:44.269 [ApplicationImpl pooled thread 159] INFO  c.b.l.BrowserStackRunExtension - cucumber java
12:01:44.270 [ApplicationImpl pooled thread 159] INFO  com.browserstack.utils.Helpers - null
12:01:44.272 [ApplicationImpl pooled thread 159] INFO  c.b.l.BrowserStackRunExtension - Agent path: null
12:04:48.269 [ApplicationImpl pooled thread 165] INFO  c.b.l.BrowserStackRunExtension - cucumber java
12:04:48.269 [ApplicationImpl pooled thread 165] INFO  com.browserstack.utils.Helpers - null
12:04:48.271 [ApplicationImpl pooled thread 165] INFO  c.b.l.BrowserStackRunExtension - Agent path: null
12:07:16.547 [ApplicationImpl pooled thread 172] INFO  c.b.l.BrowserStackRunExtension - cucumber java
12:07:16.548 [ApplicationImpl pooled thread 172] INFO  com.browserstack.utils.Helpers - null
12:07:16.551 [ApplicationImpl pooled thread 172] INFO  c.b.l.BrowserStackRunExtension - Agent path: null
12:08:50.891 [ApplicationImpl pooled thread 172] INFO  c.b.l.BrowserStackRunExtension - cucumber java
12:08:50.891 [ApplicationImpl pooled thread 172] INFO  com.browserstack.utils.Helpers - null
12:08:50.892 [ApplicationImpl pooled thread 172] INFO  c.b.l.BrowserStackRunExtension - Agent path: null
12:41:53.816 [ApplicationImpl pooled thread 101] INFO  c.b.l.BrowserStackRunExtension - cucumber java
12:41:53.819 [ApplicationImpl pooled thread 101] INFO  com.browserstack.utils.Helpers - null
12:41:53.821 [ApplicationImpl pooled thread 101] INFO  c.b.l.BrowserStackRunExtension - Agent path: null
12:49:53.611 [ApplicationImpl pooled thread 106] INFO  c.b.l.BrowserStackRunExtension - cucumber java
12:49:53.611 [ApplicationImpl pooled thread 106] INFO  com.browserstack.utils.Helpers - null
12:49:53.612 [ApplicationImpl pooled thread 106] INFO  c.b.l.BrowserStackRunExtension - Agent path: null
12:50:12.152 [ApplicationImpl pooled thread 111] INFO  c.b.l.BrowserStackRunExtension - cucumber java
12:50:12.152 [ApplicationImpl pooled thread 111] INFO  com.browserstack.utils.Helpers - null
12:50:12.153 [ApplicationImpl pooled thread 111] INFO  c.b.l.BrowserStackRunExtension - Agent path: null
12:52:12.990 [ApplicationImpl pooled thread 118] INFO  c.b.l.BrowserStackRunExtension - cucumber java
12:52:12.990 [ApplicationImpl pooled thread 118] INFO  com.browserstack.utils.Helpers - null
12:52:12.991 [ApplicationImpl pooled thread 118] INFO  c.b.l.BrowserStackRunExtension - Agent path: null
13:05:26.072 [ApplicationImpl pooled thread 136] INFO  c.b.l.BrowserStackRunExtension - cucumber java
13:05:26.074 [ApplicationImpl pooled thread 136] INFO  com.browserstack.utils.Helpers - null
13:05:26.076 [ApplicationImpl pooled thread 136] INFO  c.b.l.BrowserStackRunExtension - Agent path: null
11:00:15.174 [ApplicationImpl pooled thread 73] INFO  c.b.l.BrowserStackRunExtension - cucumber java
11:00:15.176 [ApplicationImpl pooled thread 73] INFO  com.browserstack.utils.Helpers - null
11:00:15.178 [ApplicationImpl pooled thread 73] INFO  c.b.l.BrowserStackRunExtension - Agent path: null
11:10:01.662 [ApplicationImpl pooled thread 87] INFO  c.b.l.BrowserStackRunExtension - cucumber java
11:10:01.662 [ApplicationImpl pooled thread 87] INFO  com.browserstack.utils.Helpers - null
11:10:01.664 [ApplicationImpl pooled thread 87] INFO  c.b.l.BrowserStackRunExtension - Agent path: null
11:14:06.577 [ApplicationImpl pooled thread 95] INFO  c.b.l.BrowserStackRunExtension - cucumber java
11:14:06.577 [ApplicationImpl pooled thread 95] INFO  com.browserstack.utils.Helpers - null
11:14:06.580 [ApplicationImpl pooled thread 95] INFO  c.b.l.BrowserStackRunExtension - Agent path: null
11:16:04.917 [ApplicationImpl pooled thread 106] INFO  c.b.l.BrowserStackRunExtension - cucumber java
11:16:04.917 [ApplicationImpl pooled thread 106] INFO  com.browserstack.utils.Helpers - null
11:16:04.918 [ApplicationImpl pooled thread 106] INFO  c.b.l.BrowserStackRunExtension - Agent path: null
11:19:09.709 [ApplicationImpl pooled thread 109] INFO  c.b.l.BrowserStackRunExtension - cucumber java
11:19:09.709 [ApplicationImpl pooled thread 109] INFO  com.browserstack.utils.Helpers - null
11:19:09.710 [ApplicationImpl pooled thread 109] INFO  c.b.l.BrowserStackRunExtension - Agent path: null
11:22:06.504 [ApplicationImpl pooled thread 105] INFO  c.b.l.BrowserStackRunExtension - cucumber java
11:22:06.504 [ApplicationImpl pooled thread 105] INFO  com.browserstack.utils.Helpers - null
11:22:06.506 [ApplicationImpl pooled thread 105] INFO  c.b.l.BrowserStackRunExtension - Agent path: null
11:28:33.656 [ApplicationImpl pooled thread 126] INFO  c.b.l.BrowserStackRunExtension - cucumber java
11:28:33.656 [ApplicationImpl pooled thread 126] INFO  com.browserstack.utils.Helpers - null
11:28:33.659 [ApplicationImpl pooled thread 126] INFO  c.b.l.BrowserStackRunExtension - Agent path: null
11:30:40.552 [ApplicationImpl pooled thread 127] INFO  c.b.l.BrowserStackRunExtension - cucumber java
11:30:40.552 [ApplicationImpl pooled thread 127] INFO  com.browserstack.utils.Helpers - null
11:30:40.553 [ApplicationImpl pooled thread 127] INFO  c.b.l.BrowserStackRunExtension - Agent path: null
12:47:46.015 [ApplicationImpl pooled thread 255] INFO  c.b.l.BrowserStackRunExtension - cucumber java
12:47:46.015 [ApplicationImpl pooled thread 255] INFO  com.browserstack.utils.Helpers - null
12:47:46.017 [ApplicationImpl pooled thread 255] INFO  c.b.l.BrowserStackRunExtension - Agent path: null
12:48:28.848 [ApplicationImpl pooled thread 254] INFO  c.b.l.BrowserStackRunExtension - cucumber java
12:48:28.849 [ApplicationImpl pooled thread 254] INFO  com.browserstack.utils.Helpers - null
12:48:28.851 [ApplicationImpl pooled thread 254] INFO  c.b.l.BrowserStackRunExtension - Agent path: null
13:32:16.972 [ApplicationImpl pooled thread 272] INFO  c.b.l.BrowserStackRunExtension - cucumber java
13:32:16.973 [ApplicationImpl pooled thread 272] INFO  com.browserstack.utils.Helpers - null
13:32:16.973 [ApplicationImpl pooled thread 272] INFO  c.b.l.BrowserStackRunExtension - Agent path: null
13:33:34.796 [ApplicationImpl pooled thread 272] INFO  c.b.l.BrowserStackRunExtension - cucumber java
13:33:34.797 [ApplicationImpl pooled thread 272] INFO  com.browserstack.utils.Helpers - null
13:33:34.798 [ApplicationImpl pooled thread 272] INFO  c.b.l.BrowserStackRunExtension - Agent path: null
13:34:37.145 [ApplicationImpl pooled thread 274] INFO  c.b.l.BrowserStackRunExtension - cucumber java
13:34:37.147 [ApplicationImpl pooled thread 274] INFO  com.browserstack.utils.Helpers - null
13:34:37.154 [ApplicationImpl pooled thread 274] INFO  c.b.l.BrowserStackRunExtension - Agent path: null
14:37:23.230 [ApplicationImpl pooled thread 301] INFO  c.b.l.BrowserStackRunExtension - cucumber java
14:37:23.230 [ApplicationImpl pooled thread 301] INFO  com.browserstack.utils.Helpers - null
14:37:23.232 [ApplicationImpl pooled thread 301] INFO  c.b.l.BrowserStackRunExtension - Agent path: null
14:46:18.472 [ApplicationImpl pooled thread 314] INFO  c.b.l.BrowserStackRunExtension - cucumber java
14:46:18.472 [ApplicationImpl pooled thread 314] INFO  com.browserstack.utils.Helpers - null
14:46:18.474 [ApplicationImpl pooled thread 314] INFO  c.b.l.BrowserStackRunExtension - Agent path: null
15:01:37.607 [ApplicationImpl pooled thread 367] INFO  c.b.l.BrowserStackRunExtension - cucumber java
15:01:37.608 [ApplicationImpl pooled thread 367] INFO  com.browserstack.utils.Helpers - null
15:01:37.610 [ApplicationImpl pooled thread 367] INFO  c.b.l.BrowserStackRunExtension - Agent path: null
16:53:17.792 [ApplicationImpl pooled thread 460] INFO  c.b.l.BrowserStackRunExtension - cucumber java
16:53:17.792 [ApplicationImpl pooled thread 460] INFO  com.browserstack.utils.Helpers - null
16:53:17.794 [ApplicationImpl pooled thread 460] INFO  c.b.l.BrowserStackRunExtension - Agent path: null
16:59:25.330 [ApplicationImpl pooled thread 458] INFO  c.b.l.BrowserStackRunExtension - cucumber java
16:59:25.330 [ApplicationImpl pooled thread 458] INFO  com.browserstack.utils.Helpers - null
16:59:25.331 [ApplicationImpl pooled thread 458] INFO  c.b.l.BrowserStackRunExtension - Agent path: null
11:42:00.608 [ApplicationImpl pooled thread 69] INFO  c.b.l.BrowserStackRunExtension - cucumber java
11:42:00.609 [ApplicationImpl pooled thread 69] INFO  com.browserstack.utils.Helpers - null
11:42:00.610 [ApplicationImpl pooled thread 69] INFO  c.b.l.BrowserStackRunExtension - Agent path: null
11:43:10.605 [ApplicationImpl pooled thread 68] INFO  c.b.l.BrowserStackRunExtension - cucumber java
11:43:10.605 [ApplicationImpl pooled thread 68] INFO  com.browserstack.utils.Helpers - null
11:43:10.606 [ApplicationImpl pooled thread 68] INFO  c.b.l.BrowserStackRunExtension - Agent path: null
11:48:14.815 [ApplicationImpl pooled thread 69] INFO  c.b.l.BrowserStackRunExtension - cucumber java
11:48:14.815 [ApplicationImpl pooled thread 69] INFO  com.browserstack.utils.Helpers - null
11:48:14.817 [ApplicationImpl pooled thread 69] INFO  c.b.l.BrowserStackRunExtension - Agent path: null
16:48:54.121 [ApplicationImpl pooled thread 242] INFO  c.b.l.BrowserStackRunExtension - cucumber java
16:48:54.121 [ApplicationImpl pooled thread 242] INFO  com.browserstack.utils.Helpers - null
16:48:54.124 [ApplicationImpl pooled thread 242] INFO  c.b.l.BrowserStackRunExtension - Agent path: null
